/**************************************************************************
-- -Generated by xSQL SDK for Data Comparison and Synchronization
-- -Date/Time: September 11, 2013 10:45:52

-- -Summary: Synchronization script that makes the content of the database sttitestsql01.avhost.ld.netFORUMSTTITEST 
    the same as the content of the database sttitestsql01.avhost.ld.netForumSTTIDev.

    BACKUP the database sttitestsql01.avhost.ld.netFORUMSTTITEST before running this script. 

-- -Action:  Execute this script on sttitestsql01.avhost.ld.netFORUMSTTITEST

-- -SQL Server version: 10.50.4000
**************************************************************************/

SET XACT_ABORT ON
SET ARITHABORT ON
SET NUMERIC_ROUNDABORT OFF


BEGIN TRANSACTION

DECLARE @error INT
DECLARE @ptrBinary varbinary(16)

-- -Dropping foreign key: [dbo].[cm_group_item].[FK_cm_group_item_cm_group]
ALTER TABLE [dbo].[cm_group_item] DROP CONSTRAINT [FK_cm_group_item_cm_group]

-- -Dropping foreign key: [dbo].[cm_group_item_link].[FK_cm_group_item_link_cm_group_item]
ALTER TABLE [dbo].[cm_group_item_link] DROP CONSTRAINT [FK_cm_group_item_link_cm_group_item]

-- -Dropping foreign key: [dbo].[cm_group_item_link].[FK_cm_group_item_link_cm_group_item1]
ALTER TABLE [dbo].[cm_group_item_link] DROP CONSTRAINT [FK_cm_group_item_link_cm_group_item1]

-- -Dropping foreign key: [dbo].[cm_group_item_link].[FK_cm_group_item_link_cm_group]
ALTER TABLE [dbo].[cm_group_item_link] DROP CONSTRAINT [FK_cm_group_item_link_cm_group]

-- -Dropping foreign key: [dbo].[cm_group_item_link].[FK_cm_group_item_link_md_dynamic_form]
ALTER TABLE [dbo].[cm_group_item_link] DROP CONSTRAINT [FK_cm_group_item_link_md_dynamic_form]

-- -Dropping foreign key: [dbo].[cm_group_item_link].[FK_cm_group_item_link_md_report]
ALTER TABLE [dbo].[cm_group_item_link] DROP CONSTRAINT [FK_cm_group_item_link_md_report]

-- -Dropping foreign key: [dbo].[cm_group_item_link].[FK_cm_group_item_link_md_wizard]
ALTER TABLE [dbo].[cm_group_item_link] DROP CONSTRAINT [FK_cm_group_item_link_md_wizard]

-- -Dropping foreign key: [dbo].[fw_group_x_link].[FK_fw_group_x_link_cm_group_item_link]
ALTER TABLE [dbo].[fw_group_x_link] DROP CONSTRAINT [FK_fw_group_x_link_cm_group_item_link]

-- -Dropping foreign key: [dbo].[fw_user_x_link].[FK_fw_user_x_link_cm_group_item_link]
ALTER TABLE [dbo].[fw_user_x_link] DROP CONSTRAINT [FK_fw_user_x_link_cm_group_item_link]

-- -Dropping foreign key: [dbo].[md_page_access].[FK_md_page_access_cm_group_item_link]
ALTER TABLE [dbo].[md_page_access] DROP CONSTRAINT [FK_md_page_access_cm_group_item_link]

-- -Dropping foreign key: [dbo].[md_dynamic_form].[FK_md_dynamic_form_cm_group]
ALTER TABLE [dbo].[md_dynamic_form] DROP CONSTRAINT [FK_md_dynamic_form_cm_group]

-- -Dropping foreign key: [dbo].[md_object].[FK_md_object_cm_group]
ALTER TABLE [dbo].[md_object] DROP CONSTRAINT [FK_md_object_cm_group]

-- --Table: [dbo].[cm_group_item]
-- --Insert
INSERT INTO [dbo].[cm_group_item] ([cgi_key], [cgi_cgr_key], [cgi_code], [cgi_description], [cgi_order], [cgi_add_date], [cgi_add_user], [cgi_change_date], [cgi_change_user], [cgi_delete_flag], [cgi_entity_key]) VALUES('5f4f72d7-7f08-4543-a533-1b32447df0f6', 'f87e6f4d-8fd9-4154-8c57-bb08426dce27', N'STTI Email Blueprint', N'STTI Email Blueprint', 1000000, '2013-08-26T16:51:15.000', N'SThompson_STTI', null, null, 1, null)


-- --Table: [dbo].[cm_group_item_link]
-- --Insert
INSERT INTO [dbo].[cm_group_item_link] ([cgl_key], [cgl_cgi_key], [cgl_cgr_key], [cgl_link_text], [cgl_link_path], [cgl_link_file], [cgl_link_param], [cgl_link_descr], [cgl_target_new], [cgl_order], [cgl_exclude_from_bar], [cgl_dynamic_form], [cgl_rpt_key], [cgl_wiz_key], [cgl_list_add_flag], [cgl_help_flag], [cgl_new_browser_flag], [cgl_add_date], [cgl_add_user], [cgl_change_date], [cgl_change_user], [cgl_delete_flag], [cgl_entity_key]) VALUES('ba5a536e-cbe8-49fb-b705-213f1aa3c52e', '5f4f72d7-7f08-4543-a533-1b32447df0f6', 'f87e6f4d-8fd9-4154-8c57-bb08426dce27', N'Find STTI Email Blueprint', N'/forms', N'DynamicSearch.aspx', null, N'Find STTI Email Blueprint', 0, 10, 0, '3957c2ff-1b40-4c96-a583-e1dd613844be', null, null, 0, 0, 0, '2013-08-26T16:51:15.000', N'SThompson_STTI', null, null, 1, null)
INSERT INTO [dbo].[cm_group_item_link] ([cgl_key], [cgl_cgi_key], [cgl_cgr_key], [cgl_link_text], [cgl_link_path], [cgl_link_file], [cgl_link_param], [cgl_link_descr], [cgl_target_new], [cgl_order], [cgl_exclude_from_bar], [cgl_dynamic_form], [cgl_rpt_key], [cgl_wiz_key], [cgl_list_add_flag], [cgl_help_flag], [cgl_new_browser_flag], [cgl_add_date], [cgl_add_user], [cgl_change_date], [cgl_change_user], [cgl_delete_flag], [cgl_entity_key]) VALUES('5979dd33-5196-4637-9ac8-798b8f4d279f', '5f4f72d7-7f08-4543-a533-1b32447df0f6', 'f87e6f4d-8fd9-4154-8c57-bb08426dce27', N'Query STTI Email Blueprint', N'/forms', N'DynamicQuery.aspx', null, N'Query STTI Email Blueprint', 0, 40, 0, '3957c2ff-1b40-4c96-a583-e1dd613844be', null, null, 0, 0, 0, '2013-08-26T16:51:15.000', N'SThompson_STTI', null, null, 0, null)
INSERT INTO [dbo].[cm_group_item_link] ([cgl_key], [cgl_cgi_key], [cgl_cgr_key], [cgl_link_text], [cgl_link_path], [cgl_link_file], [cgl_link_param], [cgl_link_descr], [cgl_target_new], [cgl_order], [cgl_exclude_from_bar], [cgl_dynamic_form], [cgl_rpt_key], [cgl_wiz_key], [cgl_list_add_flag], [cgl_help_flag], [cgl_new_browser_flag], [cgl_add_date], [cgl_add_user], [cgl_change_date], [cgl_change_user], [cgl_delete_flag], [cgl_entity_key]) VALUES('c75b3155-0464-49c9-bb1e-c83def2012ad', '5f4f72d7-7f08-4543-a533-1b32447df0f6', 'f87e6f4d-8fd9-4154-8c57-bb08426dce27', N'Add STTI Email Blueprint', N'/forms', N'DynamicEdit.aspx', N'?Action=Add', N'Add STTI Email Blueprint', 0, 30, 0, '3957c2ff-1b40-4c96-a583-e1dd613844be', null, null, 1, 0, 0, '2013-08-26T16:51:16.000', N'SThompson_STTI', null, null, 0, null)
INSERT INTO [dbo].[cm_group_item_link] ([cgl_key], [cgl_cgi_key], [cgl_cgr_key], [cgl_link_text], [cgl_link_path], [cgl_link_file], [cgl_link_param], [cgl_link_descr], [cgl_target_new], [cgl_order], [cgl_exclude_from_bar], [cgl_dynamic_form], [cgl_rpt_key], [cgl_wiz_key], [cgl_list_add_flag], [cgl_help_flag], [cgl_new_browser_flag], [cgl_add_date], [cgl_add_user], [cgl_change_date], [cgl_change_user], [cgl_delete_flag], [cgl_entity_key]) VALUES('15173e6b-8e39-4a31-82f4-cd82a975ff47', '5f4f72d7-7f08-4543-a533-1b32447df0f6', 'f87e6f4d-8fd9-4154-8c57-bb08426dce27', N'List STTI Email Blueprint', N'/forms', N'DynamicList.aspx', null, N'List STTI Email Blueprint', 0, 20, 0, '3957c2ff-1b40-4c96-a583-e1dd613844be', null, null, 0, 0, 0, '2013-08-26T16:51:16.000', N'SThompson_STTI', null, null, 0, null)


-- --Table: [dbo].[fw_group_x_link]
-- --Insert
INSERT INTO [dbo].[fw_group_x_link] ([fgl_key], [fgl_grp_code], [fgl_cgl_key], [fgl_add_date], [fgl_add_user], [fgl_change_date], [fgl_change_user], [fgl_delete_flag], [fgl_entity_key]) VALUES('d4ae6bf8-92f4-4397-90a6-4240e7f6b3a4', N'AvectraAdmin', 'ba5a536e-cbe8-49fb-b705-213f1aa3c52e', '2013-08-26T16:51:00.000', N'AVHOST\svc-sttinf', null, null, 0, null)
INSERT INTO [dbo].[fw_group_x_link] ([fgl_key], [fgl_grp_code], [fgl_cgl_key], [fgl_add_date], [fgl_add_user], [fgl_change_date], [fgl_change_user], [fgl_delete_flag], [fgl_entity_key]) VALUES('c2b0ec01-3697-468e-aa90-40f5fb726746', N'AvectraAdmin', '5979dd33-5196-4637-9ac8-798b8f4d279f', '2013-08-26T16:51:00.000', N'AVHOST\svc-sttinf', null, null, 0, null)
INSERT INTO [dbo].[fw_group_x_link] ([fgl_key], [fgl_grp_code], [fgl_cgl_key], [fgl_add_date], [fgl_add_user], [fgl_change_date], [fgl_change_user], [fgl_delete_flag], [fgl_entity_key]) VALUES('bfc52dc1-362c-4937-84a7-2bfa0849f19e', N'AvectraAdmin', 'c75b3155-0464-49c9-bb1e-c83def2012ad', '2013-08-26T16:51:00.000', N'AVHOST\svc-sttinf', null, null, 0, null)
INSERT INTO [dbo].[fw_group_x_link] ([fgl_key], [fgl_grp_code], [fgl_cgl_key], [fgl_add_date], [fgl_add_user], [fgl_change_date], [fgl_change_user], [fgl_delete_flag], [fgl_entity_key]) VALUES('f918870b-6bba-4df4-855c-933caafd80a0', N'AvectraAdmin', '15173e6b-8e39-4a31-82f4-cd82a975ff47', '2013-08-26T16:51:00.000', N'AVHOST\svc-sttinf', null, null, 0, null)
INSERT INTO [dbo].[fw_group_x_link] ([fgl_key], [fgl_grp_code], [fgl_cgl_key], [fgl_add_date], [fgl_add_user], [fgl_change_date], [fgl_change_user], [fgl_delete_flag], [fgl_entity_key]) VALUES('5e99faee-456c-4c34-a102-a40ce5789409', N'AvectraDev', 'ba5a536e-cbe8-49fb-b705-213f1aa3c52e', '2013-08-26T16:51:00.000', N'AVHOST\svc-sttinf', null, null, 0, null)
INSERT INTO [dbo].[fw_group_x_link] ([fgl_key], [fgl_grp_code], [fgl_cgl_key], [fgl_add_date], [fgl_add_user], [fgl_change_date], [fgl_change_user], [fgl_delete_flag], [fgl_entity_key]) VALUES('abb5a472-ab34-41e2-bdac-4507e9a5f541', N'AvectraDev', '5979dd33-5196-4637-9ac8-798b8f4d279f', '2013-08-26T16:51:00.000', N'AVHOST\svc-sttinf', null, null, 0, null)
INSERT INTO [dbo].[fw_group_x_link] ([fgl_key], [fgl_grp_code], [fgl_cgl_key], [fgl_add_date], [fgl_add_user], [fgl_change_date], [fgl_change_user], [fgl_delete_flag], [fgl_entity_key]) VALUES('8a9f2533-3638-48b9-a357-b12ea0b8bc0b', N'AvectraDev', 'c75b3155-0464-49c9-bb1e-c83def2012ad', '2013-08-26T16:51:00.000', N'AVHOST\svc-sttinf', null, null, 0, null)
INSERT INTO [dbo].[fw_group_x_link] ([fgl_key], [fgl_grp_code], [fgl_cgl_key], [fgl_add_date], [fgl_add_user], [fgl_change_date], [fgl_change_user], [fgl_delete_flag], [fgl_entity_key]) VALUES('bbd6eeb8-7877-4aeb-a6cc-e11723219820', N'AvectraDev', '15173e6b-8e39-4a31-82f4-cd82a975ff47', '2013-08-26T16:51:00.000', N'AVHOST\svc-sttinf', null, null, 0, null)
INSERT INTO [dbo].[fw_group_x_link] ([fgl_key], [fgl_grp_code], [fgl_cgl_key], [fgl_add_date], [fgl_add_user], [fgl_change_date], [fgl_change_user], [fgl_delete_flag], [fgl_entity_key]) VALUES('c3aa30f2-7b54-4933-a614-3e831324e7a9', N'AvectraTesting', 'ba5a536e-cbe8-49fb-b705-213f1aa3c52e', '2013-08-26T16:51:00.000', N'AVHOST\svc-sttinf', null, null, 0, null)
INSERT INTO [dbo].[fw_group_x_link] ([fgl_key], [fgl_grp_code], [fgl_cgl_key], [fgl_add_date], [fgl_add_user], [fgl_change_date], [fgl_change_user], [fgl_delete_flag], [fgl_entity_key]) VALUES('babf36b3-ad86-4d1c-bc19-76f462d3ac92', N'AvectraTesting', '5979dd33-5196-4637-9ac8-798b8f4d279f', '2013-08-26T16:51:00.000', N'AVHOST\svc-sttinf', null, null, 0, null)
INSERT INTO [dbo].[fw_group_x_link] ([fgl_key], [fgl_grp_code], [fgl_cgl_key], [fgl_add_date], [fgl_add_user], [fgl_change_date], [fgl_change_user], [fgl_delete_flag], [fgl_entity_key]) VALUES('05db5e1b-58fc-406c-ab14-1b9fbd3d8d31', N'AvectraTesting', 'c75b3155-0464-49c9-bb1e-c83def2012ad', '2013-08-26T16:51:00.000', N'AVHOST\svc-sttinf', null, null, 0, null)
INSERT INTO [dbo].[fw_group_x_link] ([fgl_key], [fgl_grp_code], [fgl_cgl_key], [fgl_add_date], [fgl_add_user], [fgl_change_date], [fgl_change_user], [fgl_delete_flag], [fgl_entity_key]) VALUES('a181aae7-e575-472d-af3c-a757d678075a', N'AvectraTesting', '15173e6b-8e39-4a31-82f4-cd82a975ff47', '2013-08-26T16:51:00.000', N'AVHOST\svc-sttinf', null, null, 0, null)
INSERT INTO [dbo].[fw_group_x_link] ([fgl_key], [fgl_grp_code], [fgl_cgl_key], [fgl_add_date], [fgl_add_user], [fgl_change_date], [fgl_change_user], [fgl_delete_flag], [fgl_entity_key]) VALUES('05bd0046-b52d-4cf9-865d-64d57c6a9e1d', N'BatchUser', 'ba5a536e-cbe8-49fb-b705-213f1aa3c52e', '2013-08-26T16:51:00.000', N'AVHOST\svc-sttinf', null, null, 0, null)
INSERT INTO [dbo].[fw_group_x_link] ([fgl_key], [fgl_grp_code], [fgl_cgl_key], [fgl_add_date], [fgl_add_user], [fgl_change_date], [fgl_change_user], [fgl_delete_flag], [fgl_entity_key]) VALUES('695b093b-bcb0-4df9-9845-1e647869a634', N'BatchUser', '5979dd33-5196-4637-9ac8-798b8f4d279f', '2013-08-26T16:51:00.000', N'AVHOST\svc-sttinf', null, null, 0, null)
INSERT INTO [dbo].[fw_group_x_link] ([fgl_key], [fgl_grp_code], [fgl_cgl_key], [fgl_add_date], [fgl_add_user], [fgl_change_date], [fgl_change_user], [fgl_delete_flag], [fgl_entity_key]) VALUES('61f70f11-4364-4e99-b6bd-c9829f395f28', N'BatchUser', 'c75b3155-0464-49c9-bb1e-c83def2012ad', '2013-08-26T16:51:00.000', N'AVHOST\svc-sttinf', null, null, 0, null)
INSERT INTO [dbo].[fw_group_x_link] ([fgl_key], [fgl_grp_code], [fgl_cgl_key], [fgl_add_date], [fgl_add_user], [fgl_change_date], [fgl_change_user], [fgl_delete_flag], [fgl_entity_key]) VALUES('adceb580-7425-4b53-80b0-195b80682029', N'BatchUser', '15173e6b-8e39-4a31-82f4-cd82a975ff47', '2013-08-26T16:51:00.000', N'AVHOST\svc-sttinf', null, null, 0, null)
INSERT INTO [dbo].[fw_group_x_link] ([fgl_key], [fgl_grp_code], [fgl_cgl_key], [fgl_add_date], [fgl_add_user], [fgl_change_date], [fgl_change_user], [fgl_delete_flag], [fgl_entity_key]) VALUES('9641b987-ab4b-43d0-a16d-ca05d9f94774', N'Event Manager', 'ba5a536e-cbe8-49fb-b705-213f1aa3c52e', '2013-08-26T16:51:00.000', N'AVHOST\svc-sttinf', null, null, 0, null)
INSERT INTO [dbo].[fw_group_x_link] ([fgl_key], [fgl_grp_code], [fgl_cgl_key], [fgl_add_date], [fgl_add_user], [fgl_change_date], [fgl_change_user], [fgl_delete_flag], [fgl_entity_key]) VALUES('4aa7a35b-7083-4141-bf8e-ea082cb036a9', N'Event Manager', '5979dd33-5196-4637-9ac8-798b8f4d279f', '2013-08-26T16:51:00.000', N'AVHOST\svc-sttinf', null, null, 0, null)
INSERT INTO [dbo].[fw_group_x_link] ([fgl_key], [fgl_grp_code], [fgl_cgl_key], [fgl_add_date], [fgl_add_user], [fgl_change_date], [fgl_change_user], [fgl_delete_flag], [fgl_entity_key]) VALUES('4ed2e639-d919-42ae-86a5-6d472a62eeeb', N'Event Manager', 'c75b3155-0464-49c9-bb1e-c83def2012ad', '2013-08-26T16:51:00.000', N'AVHOST\svc-sttinf', null, null, 0, null)
INSERT INTO [dbo].[fw_group_x_link] ([fgl_key], [fgl_grp_code], [fgl_cgl_key], [fgl_add_date], [fgl_add_user], [fgl_change_date], [fgl_change_user], [fgl_delete_flag], [fgl_entity_key]) VALUES('1c31b54c-f85e-4ea2-a36f-926dc86500b1', N'Event Manager', '15173e6b-8e39-4a31-82f4-cd82a975ff47', '2013-08-26T16:51:00.000', N'AVHOST\svc-sttinf', null, null, 0, null)
INSERT INTO [dbo].[fw_group_x_link] ([fgl_key], [fgl_grp_code], [fgl_cgl_key], [fgl_add_date], [fgl_add_user], [fgl_change_date], [fgl_change_user], [fgl_delete_flag], [fgl_entity_key]) VALUES('933cb0f4-55b2-47ce-a78d-5c3253936bd9', N'Event Staff', 'ba5a536e-cbe8-49fb-b705-213f1aa3c52e', '2013-08-26T16:51:00.000', N'AVHOST\svc-sttinf', null, null, 0, null)
INSERT INTO [dbo].[fw_group_x_link] ([fgl_key], [fgl_grp_code], [fgl_cgl_key], [fgl_add_date], [fgl_add_user], [fgl_change_date], [fgl_change_user], [fgl_delete_flag], [fgl_entity_key]) VALUES('37954829-1ea3-4e28-a763-57e900e3f488', N'Event Staff', '5979dd33-5196-4637-9ac8-798b8f4d279f', '2013-08-26T16:51:00.000', N'AVHOST\svc-sttinf', null, null, 0, null)
INSERT INTO [dbo].[fw_group_x_link] ([fgl_key], [fgl_grp_code], [fgl_cgl_key], [fgl_add_date], [fgl_add_user], [fgl_change_date], [fgl_change_user], [fgl_delete_flag], [fgl_entity_key]) VALUES('10315304-f80a-4ef3-929d-666079d72efd', N'Event Staff', 'c75b3155-0464-49c9-bb1e-c83def2012ad', '2013-08-26T16:51:00.000', N'AVHOST\svc-sttinf', null, null, 0, null)
INSERT INTO [dbo].[fw_group_x_link] ([fgl_key], [fgl_grp_code], [fgl_cgl_key], [fgl_add_date], [fgl_add_user], [fgl_change_date], [fgl_change_user], [fgl_delete_flag], [fgl_entity_key]) VALUES('d75e723f-c2cc-4f75-bd1e-da20fe9161ab', N'Event Staff', '15173e6b-8e39-4a31-82f4-cd82a975ff47', '2013-08-26T16:51:00.000', N'AVHOST\svc-sttinf', null, null, 0, null)
INSERT INTO [dbo].[fw_group_x_link] ([fgl_key], [fgl_grp_code], [fgl_cgl_key], [fgl_add_date], [fgl_add_user], [fgl_change_date], [fgl_change_user], [fgl_delete_flag], [fgl_entity_key]) VALUES('6e699e73-a50d-4d82-8fa2-75f0717d9e43', N'netFORUMAdmin', 'ba5a536e-cbe8-49fb-b705-213f1aa3c52e', '2013-08-26T16:51:00.000', N'AVHOST\svc-sttinf', null, null, 0, null)
INSERT INTO [dbo].[fw_group_x_link] ([fgl_key], [fgl_grp_code], [fgl_cgl_key], [fgl_add_date], [fgl_add_user], [fgl_change_date], [fgl_change_user], [fgl_delete_flag], [fgl_entity_key]) VALUES('5e1a37c5-9af2-4db9-8c4a-4886fdb599ae', N'netFORUMAdmin', '5979dd33-5196-4637-9ac8-798b8f4d279f', '2013-08-26T16:51:00.000', N'AVHOST\svc-sttinf', null, null, 0, null)
INSERT INTO [dbo].[fw_group_x_link] ([fgl_key], [fgl_grp_code], [fgl_cgl_key], [fgl_add_date], [fgl_add_user], [fgl_change_date], [fgl_change_user], [fgl_delete_flag], [fgl_entity_key]) VALUES('fbb96103-d209-4894-acf9-85c729eac5b9', N'netFORUMAdmin', 'c75b3155-0464-49c9-bb1e-c83def2012ad', '2013-08-26T16:51:00.000', N'AVHOST\svc-sttinf', null, null, 0, null)
INSERT INTO [dbo].[fw_group_x_link] ([fgl_key], [fgl_grp_code], [fgl_cgl_key], [fgl_add_date], [fgl_add_user], [fgl_change_date], [fgl_change_user], [fgl_delete_flag], [fgl_entity_key]) VALUES('609cae86-3415-4d1f-8eb6-a595654bb009', N'netFORUMAdmin', '15173e6b-8e39-4a31-82f4-cd82a975ff47', '2013-08-26T16:51:00.000', N'AVHOST\svc-sttinf', null, null, 0, null)
INSERT INTO [dbo].[fw_group_x_link] ([fgl_key], [fgl_grp_code], [fgl_cgl_key], [fgl_add_date], [fgl_add_user], [fgl_change_date], [fgl_change_user], [fgl_delete_flag], [fgl_entity_key]) VALUES('38468c82-5ee0-415e-9a07-42d70037fee4', N'netFORUMCMS', 'ba5a536e-cbe8-49fb-b705-213f1aa3c52e', '2013-08-26T16:51:00.000', N'AVHOST\svc-sttinf', null, null, 0, null)
INSERT INTO [dbo].[fw_group_x_link] ([fgl_key], [fgl_grp_code], [fgl_cgl_key], [fgl_add_date], [fgl_add_user], [fgl_change_date], [fgl_change_user], [fgl_delete_flag], [fgl_entity_key]) VALUES('6941718b-ffe4-41fc-9001-f2471448adeb', N'netFORUMCMS', '5979dd33-5196-4637-9ac8-798b8f4d279f', '2013-08-26T16:51:00.000', N'AVHOST\svc-sttinf', null, null, 0, null)
INSERT INTO [dbo].[fw_group_x_link] ([fgl_key], [fgl_grp_code], [fgl_cgl_key], [fgl_add_date], [fgl_add_user], [fgl_change_date], [fgl_change_user], [fgl_delete_flag], [fgl_entity_key]) VALUES('3e1f8b67-ce70-4863-b3de-9b0126054438', N'netFORUMCMS', 'c75b3155-0464-49c9-bb1e-c83def2012ad', '2013-08-26T16:51:00.000', N'AVHOST\svc-sttinf', null, null, 0, null)
INSERT INTO [dbo].[fw_group_x_link] ([fgl_key], [fgl_grp_code], [fgl_cgl_key], [fgl_add_date], [fgl_add_user], [fgl_change_date], [fgl_change_user], [fgl_delete_flag], [fgl_entity_key]) VALUES('3526698d-c275-4dda-a02d-3dd2bef3a7c7', N'netFORUMCMS', '15173e6b-8e39-4a31-82f4-cd82a975ff47', '2013-08-26T16:51:00.000', N'AVHOST\svc-sttinf', null, null, 0, null)
INSERT INTO [dbo].[fw_group_x_link] ([fgl_key], [fgl_grp_code], [fgl_cgl_key], [fgl_add_date], [fgl_add_user], [fgl_change_date], [fgl_change_user], [fgl_delete_flag], [fgl_entity_key]) VALUES('35acfc60-cf5e-44d0-a6b2-f75797e8a96b', N'netFORUMCMSApprover', 'ba5a536e-cbe8-49fb-b705-213f1aa3c52e', '2013-08-26T16:51:00.000', N'AVHOST\svc-sttinf', null, null, 0, null)
INSERT INTO [dbo].[fw_group_x_link] ([fgl_key], [fgl_grp_code], [fgl_cgl_key], [fgl_add_date], [fgl_add_user], [fgl_change_date], [fgl_change_user], [fgl_delete_flag], [fgl_entity_key]) VALUES('462a6dff-a5ce-48bf-bb03-56d77c3c573d', N'netFORUMCMSApprover', '5979dd33-5196-4637-9ac8-798b8f4d279f', '2013-08-26T16:51:00.000', N'AVHOST\svc-sttinf', null, null, 0, null)
INSERT INTO [dbo].[fw_group_x_link] ([fgl_key], [fgl_grp_code], [fgl_cgl_key], [fgl_add_date], [fgl_add_user], [fgl_change_date], [fgl_change_user], [fgl_delete_flag], [fgl_entity_key]) VALUES('2d17eb04-3796-4a79-bc39-c5cb10b8e7b5', N'netFORUMCMSApprover', 'c75b3155-0464-49c9-bb1e-c83def2012ad', '2013-08-26T16:51:00.000', N'AVHOST\svc-sttinf', null, null, 0, null)
INSERT INTO [dbo].[fw_group_x_link] ([fgl_key], [fgl_grp_code], [fgl_cgl_key], [fgl_add_date], [fgl_add_user], [fgl_change_date], [fgl_change_user], [fgl_delete_flag], [fgl_entity_key]) VALUES('b5a630fa-a5cb-4c75-a62a-a5fc3fb8dd51', N'netFORUMCMSApprover', '15173e6b-8e39-4a31-82f4-cd82a975ff47', '2013-08-26T16:51:00.000', N'AVHOST\svc-sttinf', null, null, 0, null)
INSERT INTO [dbo].[fw_group_x_link] ([fgl_key], [fgl_grp_code], [fgl_cgl_key], [fgl_add_date], [fgl_add_user], [fgl_change_date], [fgl_change_user], [fgl_delete_flag], [fgl_entity_key]) VALUES('b5dafab1-d4c3-4172-a74b-c30d7ebd15a0', N'netFORUMCMSPublisher', 'ba5a536e-cbe8-49fb-b705-213f1aa3c52e', '2013-08-26T16:51:00.000', N'AVHOST\svc-sttinf', null, null, 0, null)
INSERT INTO [dbo].[fw_group_x_link] ([fgl_key], [fgl_grp_code], [fgl_cgl_key], [fgl_add_date], [fgl_add_user], [fgl_change_date], [fgl_change_user], [fgl_delete_flag], [fgl_entity_key]) VALUES('f3eb2122-21f6-4b31-9508-9e875b89f493', N'netFORUMCMSPublisher', '5979dd33-5196-4637-9ac8-798b8f4d279f', '2013-08-26T16:51:00.000', N'AVHOST\svc-sttinf', null, null, 0, null)
INSERT INTO [dbo].[fw_group_x_link] ([fgl_key], [fgl_grp_code], [fgl_cgl_key], [fgl_add_date], [fgl_add_user], [fgl_change_date], [fgl_change_user], [fgl_delete_flag], [fgl_entity_key]) VALUES('e86830ed-1bf3-45dd-8dfb-16bf00cf30e8', N'netFORUMCMSPublisher', 'c75b3155-0464-49c9-bb1e-c83def2012ad', '2013-08-26T16:51:00.000', N'AVHOST\svc-sttinf', null, null, 0, null)
INSERT INTO [dbo].[fw_group_x_link] ([fgl_key], [fgl_grp_code], [fgl_cgl_key], [fgl_add_date], [fgl_add_user], [fgl_change_date], [fgl_change_user], [fgl_delete_flag], [fgl_entity_key]) VALUES('fe9ec9e0-415a-4e95-a8cd-0a2bf61969e7', N'netFORUMCMSPublisher', '15173e6b-8e39-4a31-82f4-cd82a975ff47', '2013-08-26T16:51:00.000', N'AVHOST\svc-sttinf', null, null, 0, null)
INSERT INTO [dbo].[fw_group_x_link] ([fgl_key], [fgl_grp_code], [fgl_cgl_key], [fgl_add_date], [fgl_add_user], [fgl_change_date], [fgl_change_user], [fgl_delete_flag], [fgl_entity_key]) VALUES('494a24d5-2ae2-4e0d-a5ed-4458482ec9ef', N'netFORUMCMSWriter', 'ba5a536e-cbe8-49fb-b705-213f1aa3c52e', '2013-08-26T16:51:00.000', N'AVHOST\svc-sttinf', null, null, 0, null)
INSERT INTO [dbo].[fw_group_x_link] ([fgl_key], [fgl_grp_code], [fgl_cgl_key], [fgl_add_date], [fgl_add_user], [fgl_change_date], [fgl_change_user], [fgl_delete_flag], [fgl_entity_key]) VALUES('b4848cc1-9486-4344-aa22-eec45a34a271', N'netFORUMCMSWriter', '5979dd33-5196-4637-9ac8-798b8f4d279f', '2013-08-26T16:51:00.000', N'AVHOST\svc-sttinf', null, null, 0, null)
INSERT INTO [dbo].[fw_group_x_link] ([fgl_key], [fgl_grp_code], [fgl_cgl_key], [fgl_add_date], [fgl_add_user], [fgl_change_date], [fgl_change_user], [fgl_delete_flag], [fgl_entity_key]) VALUES('de71e4a7-1719-4fc8-bfce-7ce894e12ac3', N'netFORUMCMSWriter', 'c75b3155-0464-49c9-bb1e-c83def2012ad', '2013-08-26T16:51:00.000', N'AVHOST\svc-sttinf', null, null, 0, null)
INSERT INTO [dbo].[fw_group_x_link] ([fgl_key], [fgl_grp_code], [fgl_cgl_key], [fgl_add_date], [fgl_add_user], [fgl_change_date], [fgl_change_user], [fgl_delete_flag], [fgl_entity_key]) VALUES('b8355f4b-a151-405b-80f1-684d16476b33', N'netFORUMCMSWriter', '15173e6b-8e39-4a31-82f4-cd82a975ff47', '2013-08-26T16:51:00.000', N'AVHOST\svc-sttinf', null, null, 0, null)
INSERT INTO [dbo].[fw_group_x_link] ([fgl_key], [fgl_grp_code], [fgl_cgl_key], [fgl_add_date], [fgl_add_user], [fgl_change_date], [fgl_change_user], [fgl_delete_flag], [fgl_entity_key]) VALUES('72e6a445-5501-4ded-8392-8f1bdc5cf450', N'netFORUMReport', 'ba5a536e-cbe8-49fb-b705-213f1aa3c52e', '2013-08-26T16:51:00.000', N'AVHOST\svc-sttinf', null, null, 0, null)
INSERT INTO [dbo].[fw_group_x_link] ([fgl_key], [fgl_grp_code], [fgl_cgl_key], [fgl_add_date], [fgl_add_user], [fgl_change_date], [fgl_change_user], [fgl_delete_flag], [fgl_entity_key]) VALUES('eb8dcc58-5d4a-4c67-a6b7-992a5b04a0b4', N'netFORUMReport', '5979dd33-5196-4637-9ac8-798b8f4d279f', '2013-08-26T16:51:00.000', N'AVHOST\svc-sttinf', null, null, 0, null)
INSERT INTO [dbo].[fw_group_x_link] ([fgl_key], [fgl_grp_code], [fgl_cgl_key], [fgl_add_date], [fgl_add_user], [fgl_change_date], [fgl_change_user], [fgl_delete_flag], [fgl_entity_key]) VALUES('c3f5d167-a1e2-4a79-aedf-d4770e4e3340', N'netFORUMReport', 'c75b3155-0464-49c9-bb1e-c83def2012ad', '2013-08-26T16:51:00.000', N'AVHOST\svc-sttinf', null, null, 0, null)
INSERT INTO [dbo].[fw_group_x_link] ([fgl_key], [fgl_grp_code], [fgl_cgl_key], [fgl_add_date], [fgl_add_user], [fgl_change_date], [fgl_change_user], [fgl_delete_flag], [fgl_entity_key]) VALUES('49c72311-2242-480d-a936-74396c3a230e', N'netFORUMReport', '15173e6b-8e39-4a31-82f4-cd82a975ff47', '2013-08-26T16:51:00.000', N'AVHOST\svc-sttinf', null, null, 0, null)
INSERT INTO [dbo].[fw_group_x_link] ([fgl_key], [fgl_grp_code], [fgl_cgl_key], [fgl_add_date], [fgl_add_user], [fgl_change_date], [fgl_change_user], [fgl_delete_flag], [fgl_entity_key]) VALUES('de3fe063-744a-45c7-a6cf-bfd6c6bdd9fb', N'netFORUMUser', 'ba5a536e-cbe8-49fb-b705-213f1aa3c52e', '2013-08-26T16:51:00.000', N'AVHOST\svc-sttinf', null, null, 0, null)
INSERT INTO [dbo].[fw_group_x_link] ([fgl_key], [fgl_grp_code], [fgl_cgl_key], [fgl_add_date], [fgl_add_user], [fgl_change_date], [fgl_change_user], [fgl_delete_flag], [fgl_entity_key]) VALUES('ff19827f-b90e-467e-9b1b-b13c6b6448d3', N'netFORUMUser', '5979dd33-5196-4637-9ac8-798b8f4d279f', '2013-08-26T16:51:00.000', N'AVHOST\svc-sttinf', null, null, 0, null)
INSERT INTO [dbo].[fw_group_x_link] ([fgl_key], [fgl_grp_code], [fgl_cgl_key], [fgl_add_date], [fgl_add_user], [fgl_change_date], [fgl_change_user], [fgl_delete_flag], [fgl_entity_key]) VALUES('5f310179-765f-4390-a8c8-ff83e1f111e1', N'netFORUMUser', 'c75b3155-0464-49c9-bb1e-c83def2012ad', '2013-08-26T16:51:00.000', N'AVHOST\svc-sttinf', null, null, 0, null)
INSERT INTO [dbo].[fw_group_x_link] ([fgl_key], [fgl_grp_code], [fgl_cgl_key], [fgl_add_date], [fgl_add_user], [fgl_change_date], [fgl_change_user], [fgl_delete_flag], [fgl_entity_key]) VALUES('c0126804-2023-4abf-97bf-38e6adebacd6', N'netFORUMUser', '15173e6b-8e39-4a31-82f4-cd82a975ff47', '2013-08-26T16:51:00.000', N'AVHOST\svc-sttinf', null, null, 0, null)
INSERT INTO [dbo].[fw_group_x_link] ([fgl_key], [fgl_grp_code], [fgl_cgl_key], [fgl_add_date], [fgl_add_user], [fgl_change_date], [fgl_change_user], [fgl_delete_flag], [fgl_entity_key]) VALUES('e6d442aa-2e40-49cb-a4e1-6a28c24e8a08', N'New Event Staff', 'ba5a536e-cbe8-49fb-b705-213f1aa3c52e', '2013-08-26T16:51:00.000', N'AVHOST\svc-sttinf', null, null, 0, null)
INSERT INTO [dbo].[fw_group_x_link] ([fgl_key], [fgl_grp_code], [fgl_cgl_key], [fgl_add_date], [fgl_add_user], [fgl_change_date], [fgl_change_user], [fgl_delete_flag], [fgl_entity_key]) VALUES('b12f1617-b285-486e-a55a-91c65edd0bb9', N'New Event Staff', '5979dd33-5196-4637-9ac8-798b8f4d279f', '2013-08-26T16:51:00.000', N'AVHOST\svc-sttinf', null, null, 0, null)
INSERT INTO [dbo].[fw_group_x_link] ([fgl_key], [fgl_grp_code], [fgl_cgl_key], [fgl_add_date], [fgl_add_user], [fgl_change_date], [fgl_change_user], [fgl_delete_flag], [fgl_entity_key]) VALUES('528450e2-787f-42cc-b3b7-5d9156f494df', N'New Event Staff', 'c75b3155-0464-49c9-bb1e-c83def2012ad', '2013-08-26T16:51:00.000', N'AVHOST\svc-sttinf', null, null, 0, null)
INSERT INTO [dbo].[fw_group_x_link] ([fgl_key], [fgl_grp_code], [fgl_cgl_key], [fgl_add_date], [fgl_add_user], [fgl_change_date], [fgl_change_user], [fgl_delete_flag], [fgl_entity_key]) VALUES('c90eeb23-6b2c-46ae-b60e-d0242397ee51', N'New Event Staff', '15173e6b-8e39-4a31-82f4-cd82a975ff47', '2013-08-26T16:51:00.000', N'AVHOST\svc-sttinf', null, null, 0, null)
INSERT INTO [dbo].[fw_group_x_link] ([fgl_key], [fgl_grp_code], [fgl_cgl_key], [fgl_add_date], [fgl_add_user], [fgl_change_date], [fgl_change_user], [fgl_delete_flag], [fgl_entity_key]) VALUES('3f982e33-0853-4acb-8b0f-65e6be7824bb', N'onDemandUsers', 'ba5a536e-cbe8-49fb-b705-213f1aa3c52e', '2013-08-26T16:51:00.000', N'AVHOST\svc-sttinf', null, null, 0, null)
INSERT INTO [dbo].[fw_group_x_link] ([fgl_key], [fgl_grp_code], [fgl_cgl_key], [fgl_add_date], [fgl_add_user], [fgl_change_date], [fgl_change_user], [fgl_delete_flag], [fgl_entity_key]) VALUES('0733571b-d0f3-46e5-a1d4-2dfc42c3b47b', N'onDemandUsers', '5979dd33-5196-4637-9ac8-798b8f4d279f', '2013-08-26T16:51:00.000', N'AVHOST\svc-sttinf', null, null, 0, null)
INSERT INTO [dbo].[fw_group_x_link] ([fgl_key], [fgl_grp_code], [fgl_cgl_key], [fgl_add_date], [fgl_add_user], [fgl_change_date], [fgl_change_user], [fgl_delete_flag], [fgl_entity_key]) VALUES('f92df555-fd58-450c-a83d-4f76e88f1783', N'onDemandUsers', 'c75b3155-0464-49c9-bb1e-c83def2012ad', '2013-08-26T16:51:00.000', N'AVHOST\svc-sttinf', null, null, 0, null)
INSERT INTO [dbo].[fw_group_x_link] ([fgl_key], [fgl_grp_code], [fgl_cgl_key], [fgl_add_date], [fgl_add_user], [fgl_change_date], [fgl_change_user], [fgl_delete_flag], [fgl_entity_key]) VALUES('cd0ba7a4-2ad6-496a-b571-cc3e9ba4c22b', N'onDemandUsers', '15173e6b-8e39-4a31-82f4-cd82a975ff47', '2013-08-26T16:51:00.000', N'AVHOST\svc-sttinf', null, null, 0, null)
INSERT INTO [dbo].[fw_group_x_link] ([fgl_key], [fgl_grp_code], [fgl_cgl_key], [fgl_add_date], [fgl_add_user], [fgl_change_date], [fgl_change_user], [fgl_delete_flag], [fgl_entity_key]) VALUES('36d0bd51-dd5e-4b1f-a7d1-558f647ec100', N'SecurityTestGroup', 'ba5a536e-cbe8-49fb-b705-213f1aa3c52e', '2013-08-26T16:51:00.000', N'AVHOST\svc-sttinf', null, null, 0, null)
INSERT INTO [dbo].[fw_group_x_link] ([fgl_key], [fgl_grp_code], [fgl_cgl_key], [fgl_add_date], [fgl_add_user], [fgl_change_date], [fgl_change_user], [fgl_delete_flag], [fgl_entity_key]) VALUES('4a65b42f-9b0f-41b8-9cd3-410b6fa3922d', N'SecurityTestGroup', '5979dd33-5196-4637-9ac8-798b8f4d279f', '2013-08-26T16:51:00.000', N'AVHOST\svc-sttinf', null, null, 0, null)
INSERT INTO [dbo].[fw_group_x_link] ([fgl_key], [fgl_grp_code], [fgl_cgl_key], [fgl_add_date], [fgl_add_user], [fgl_change_date], [fgl_change_user], [fgl_delete_flag], [fgl_entity_key]) VALUES('e31419b1-3357-4ba7-9a57-36c0c7568b93', N'SecurityTestGroup', 'c75b3155-0464-49c9-bb1e-c83def2012ad', '2013-08-26T16:51:00.000', N'AVHOST\svc-sttinf', null, null, 0, null)
INSERT INTO [dbo].[fw_group_x_link] ([fgl_key], [fgl_grp_code], [fgl_cgl_key], [fgl_add_date], [fgl_add_user], [fgl_change_date], [fgl_change_user], [fgl_delete_flag], [fgl_entity_key]) VALUES('af8b0ba4-cd48-4d17-bd57-7772ebab1147', N'SecurityTestGroup', '15173e6b-8e39-4a31-82f4-cd82a975ff47', '2013-08-26T16:51:00.000', N'AVHOST\svc-sttinf', null, null, 0, null)
INSERT INTO [dbo].[fw_group_x_link] ([fgl_key], [fgl_grp_code], [fgl_cgl_key], [fgl_add_date], [fgl_add_user], [fgl_change_date], [fgl_change_user], [fgl_delete_flag], [fgl_entity_key]) VALUES('99944ea7-80aa-43e5-8335-7f8497db4857', N'Support', 'ba5a536e-cbe8-49fb-b705-213f1aa3c52e', '2013-08-26T16:51:00.000', N'AVHOST\svc-sttinf', null, null, 0, null)
INSERT INTO [dbo].[fw_group_x_link] ([fgl_key], [fgl_grp_code], [fgl_cgl_key], [fgl_add_date], [fgl_add_user], [fgl_change_date], [fgl_change_user], [fgl_delete_flag], [fgl_entity_key]) VALUES('91c937b2-5bdf-4d16-8f33-43e42a533fe9', N'Support', '5979dd33-5196-4637-9ac8-798b8f4d279f', '2013-08-26T16:51:00.000', N'AVHOST\svc-sttinf', null, null, 0, null)
INSERT INTO [dbo].[fw_group_x_link] ([fgl_key], [fgl_grp_code], [fgl_cgl_key], [fgl_add_date], [fgl_add_user], [fgl_change_date], [fgl_change_user], [fgl_delete_flag], [fgl_entity_key]) VALUES('f21a8c67-933a-4a05-80a1-c8386c272818', N'Support', 'c75b3155-0464-49c9-bb1e-c83def2012ad', '2013-08-26T16:51:00.000', N'AVHOST\svc-sttinf', null, null, 0, null)
INSERT INTO [dbo].[fw_group_x_link] ([fgl_key], [fgl_grp_code], [fgl_cgl_key], [fgl_add_date], [fgl_add_user], [fgl_change_date], [fgl_change_user], [fgl_delete_flag], [fgl_entity_key]) VALUES('39a0bcbd-1c24-4f4f-a627-b9905e6ead47', N'Support', '15173e6b-8e39-4a31-82f4-cd82a975ff47', '2013-08-26T16:51:00.000', N'AVHOST\svc-sttinf', null, null, 0, null)
INSERT INTO [dbo].[fw_group_x_link] ([fgl_key], [fgl_grp_code], [fgl_cgl_key], [fgl_add_date], [fgl_add_user], [fgl_change_date], [fgl_change_user], [fgl_delete_flag], [fgl_entity_key]) VALUES('ce88cb3c-5cab-43d6-b34d-7b0fe138a69d', N'TestGroup', 'ba5a536e-cbe8-49fb-b705-213f1aa3c52e', '2013-08-26T16:51:00.000', N'AVHOST\svc-sttinf', null, null, 0, null)
INSERT INTO [dbo].[fw_group_x_link] ([fgl_key], [fgl_grp_code], [fgl_cgl_key], [fgl_add_date], [fgl_add_user], [fgl_change_date], [fgl_change_user], [fgl_delete_flag], [fgl_entity_key]) VALUES('168ee552-e5d9-4402-9464-1babe57ec207', N'TestGroup', '5979dd33-5196-4637-9ac8-798b8f4d279f', '2013-08-26T16:51:00.000', N'AVHOST\svc-sttinf', null, null, 0, null)
INSERT INTO [dbo].[fw_group_x_link] ([fgl_key], [fgl_grp_code], [fgl_cgl_key], [fgl_add_date], [fgl_add_user], [fgl_change_date], [fgl_change_user], [fgl_delete_flag], [fgl_entity_key]) VALUES('d63360b2-3426-42b6-83dc-7ed1297df4e8', N'TestGroup', 'c75b3155-0464-49c9-bb1e-c83def2012ad', '2013-08-26T16:51:00.000', N'AVHOST\svc-sttinf', null, null, 0, null)
INSERT INTO [dbo].[fw_group_x_link] ([fgl_key], [fgl_grp_code], [fgl_cgl_key], [fgl_add_date], [fgl_add_user], [fgl_change_date], [fgl_change_user], [fgl_delete_flag], [fgl_entity_key]) VALUES('bd40c292-8b34-47d5-bc2c-4dca657e12e3', N'TestGroup', '15173e6b-8e39-4a31-82f4-cd82a975ff47', '2013-08-26T16:51:00.000', N'AVHOST\svc-sttinf', null, null, 0, null)
INSERT INTO [dbo].[fw_group_x_link] ([fgl_key], [fgl_grp_code], [fgl_cgl_key], [fgl_add_date], [fgl_add_user], [fgl_change_date], [fgl_change_user], [fgl_delete_flag], [fgl_entity_key]) VALUES('90e603f9-945b-4762-ae0b-f5db41d8d242', N'WealthEngineGroup', 'ba5a536e-cbe8-49fb-b705-213f1aa3c52e', '2013-08-26T16:51:00.000', N'AVHOST\svc-sttinf', null, null, 0, null)
INSERT INTO [dbo].[fw_group_x_link] ([fgl_key], [fgl_grp_code], [fgl_cgl_key], [fgl_add_date], [fgl_add_user], [fgl_change_date], [fgl_change_user], [fgl_delete_flag], [fgl_entity_key]) VALUES('f061d733-f5a2-4933-827a-aae9d876e0a3', N'WealthEngineGroup', '5979dd33-5196-4637-9ac8-798b8f4d279f', '2013-08-26T16:51:00.000', N'AVHOST\svc-sttinf', null, null, 0, null)
INSERT INTO [dbo].[fw_group_x_link] ([fgl_key], [fgl_grp_code], [fgl_cgl_key], [fgl_add_date], [fgl_add_user], [fgl_change_date], [fgl_change_user], [fgl_delete_flag], [fgl_entity_key]) VALUES('89da3a59-5073-4aae-bbab-51f2e6fb9da8', N'WealthEngineGroup', 'c75b3155-0464-49c9-bb1e-c83def2012ad', '2013-08-26T16:51:00.000', N'AVHOST\svc-sttinf', null, null, 0, null)
INSERT INTO [dbo].[fw_group_x_link] ([fgl_key], [fgl_grp_code], [fgl_cgl_key], [fgl_add_date], [fgl_add_user], [fgl_change_date], [fgl_change_user], [fgl_delete_flag], [fgl_entity_key]) VALUES('c40593bb-c2b0-4054-a0b7-c43811092224', N'WealthEngineGroup', '15173e6b-8e39-4a31-82f4-cd82a975ff47', '2013-08-26T16:51:00.000', N'AVHOST\svc-sttinf', null, null, 0, null)
INSERT INTO [dbo].[fw_group_x_link] ([fgl_key], [fgl_grp_code], [fgl_cgl_key], [fgl_add_date], [fgl_add_user], [fgl_change_date], [fgl_change_user], [fgl_delete_flag], [fgl_entity_key]) VALUES('70f815fd-26fb-4b8d-b013-ef6acb0ad854', N'xWebUser', 'ba5a536e-cbe8-49fb-b705-213f1aa3c52e', '2013-08-26T16:51:00.000', N'AVHOST\svc-sttinf', null, null, 0, null)
INSERT INTO [dbo].[fw_group_x_link] ([fgl_key], [fgl_grp_code], [fgl_cgl_key], [fgl_add_date], [fgl_add_user], [fgl_change_date], [fgl_change_user], [fgl_delete_flag], [fgl_entity_key]) VALUES('4df0ff46-2a78-4bc3-9eef-a777c9c4f78c', N'xWebUser', '5979dd33-5196-4637-9ac8-798b8f4d279f', '2013-08-26T16:51:00.000', N'AVHOST\svc-sttinf', null, null, 0, null)
INSERT INTO [dbo].[fw_group_x_link] ([fgl_key], [fgl_grp_code], [fgl_cgl_key], [fgl_add_date], [fgl_add_user], [fgl_change_date], [fgl_change_user], [fgl_delete_flag], [fgl_entity_key]) VALUES('079c25b3-492e-4302-80f4-ed01bd0e8640', N'xWebUser', 'c75b3155-0464-49c9-bb1e-c83def2012ad', '2013-08-26T16:51:00.000', N'AVHOST\svc-sttinf', null, null, 0, null)
INSERT INTO [dbo].[fw_group_x_link] ([fgl_key], [fgl_grp_code], [fgl_cgl_key], [fgl_add_date], [fgl_add_user], [fgl_change_date], [fgl_change_user], [fgl_delete_flag], [fgl_entity_key]) VALUES('761048d6-6dfe-4087-aa97-4c69468dd7b0', N'xWebUser', '15173e6b-8e39-4a31-82f4-cd82a975ff47', '2013-08-26T16:51:00.000', N'AVHOST\svc-sttinf', null, null, 0, null)
INSERT INTO [dbo].[fw_group_x_link] ([fgl_key], [fgl_grp_code], [fgl_cgl_key], [fgl_add_date], [fgl_add_user], [fgl_change_date], [fgl_change_user], [fgl_delete_flag], [fgl_entity_key]) VALUES('797e227b-1e11-455e-95e6-2ba50d5954d0', N'ZarcaUser', 'ba5a536e-cbe8-49fb-b705-213f1aa3c52e', '2013-08-26T16:51:00.000', N'AVHOST\svc-sttinf', null, null, 0, null)
INSERT INTO [dbo].[fw_group_x_link] ([fgl_key], [fgl_grp_code], [fgl_cgl_key], [fgl_add_date], [fgl_add_user], [fgl_change_date], [fgl_change_user], [fgl_delete_flag], [fgl_entity_key]) VALUES('870d9a3d-1a42-4e7b-bfe8-7809bffb7c96', N'ZarcaUser', '5979dd33-5196-4637-9ac8-798b8f4d279f', '2013-08-26T16:51:00.000', N'AVHOST\svc-sttinf', null, null, 0, null)
INSERT INTO [dbo].[fw_group_x_link] ([fgl_key], [fgl_grp_code], [fgl_cgl_key], [fgl_add_date], [fgl_add_user], [fgl_change_date], [fgl_change_user], [fgl_delete_flag], [fgl_entity_key]) VALUES('1e6c74e3-ca45-4062-adde-dfeee8b85dfc', N'ZarcaUser', 'c75b3155-0464-49c9-bb1e-c83def2012ad', '2013-08-26T16:51:00.000', N'AVHOST\svc-sttinf', null, null, 0, null)
INSERT INTO [dbo].[fw_group_x_link] ([fgl_key], [fgl_grp_code], [fgl_cgl_key], [fgl_add_date], [fgl_add_user], [fgl_change_date], [fgl_change_user], [fgl_delete_flag], [fgl_entity_key]) VALUES('069a60fd-b455-4543-8692-47feef33a538', N'ZarcaUser', '15173e6b-8e39-4a31-82f4-cd82a975ff47', '2013-08-26T16:51:00.000', N'AVHOST\svc-sttinf', null, null, 0, null)


-- --Table: [dbo].[fw_system_option]
-- --Table: [dbo].[md_column]
-- --Insert
INSERT INTO [dbo].[md_column] ([mdc_key], [mdc_name], [mdc_mdt_name], [mdc_table_name], [mdc_ext], [mdc_description], [mdc_data_type], [mdc_nullable], [mdc_width], [mdc_width_max], [mdc_readonly], [mdc_readonlyedit], [mdc_not_editable], [mdc_hidden], [mdc_required], [mdc_has_lookup], [mdc_autopostback], [mdc_input_mask], [mdc_control_class], [mdc_value_from], [mdc_value_column], [mdc_value_text_column], [mdc_value_where], [mdc_value_where_add], [mdc_value_orderby], [mdc_default_value], [mdc_validation_class], [mdc_list_header], [mdc_report_header1], [mdc_report_header2], [mdc_query_select_flag], [mdc_sort_order], [mdc_change_log_flag], [mdc_disable_autocomplete_flag], [mdc_enable_subform_lookup_flag], [mdc_available_in_social_flag], [mdc_add_user], [mdc_add_date], [mdc_change_user], [mdc_change_date], [mdc_delete_flag], [mdc_entity_key]) VALUES('d132c61a-9aed-4f9f-b132-d1856f683f12', N'i13_add_date', N'client_stti_email_blueprint', N'client_stti_email_blueprint', 0, N'Add Date', N'av_date', 0, 24, 24, 0, 0, 0, 0, 1, 0, 0, N'99/99/9999', N'DateTextBox', null, null, null, null, null, null, null, null, null, null, null, 0, 300, 0, 0, 0, 0, N'STTISThompson', '2013-08-26T16:46:47.920', null, null, 0, null)
INSERT INTO [dbo].[md_column] ([mdc_key], [mdc_name], [mdc_mdt_name], [mdc_table_name], [mdc_ext], [mdc_description], [mdc_data_type], [mdc_nullable], [mdc_width], [mdc_width_max], [mdc_readonly], [mdc_readonlyedit], [mdc_not_editable], [mdc_hidden], [mdc_required], [mdc_has_lookup], [mdc_autopostback], [mdc_input_mask], [mdc_control_class], [mdc_value_from], [mdc_value_column], [mdc_value_text_column], [mdc_value_where], [mdc_value_where_add], [mdc_value_orderby], [mdc_default_value], [mdc_validation_class], [mdc_list_header], [mdc_report_header1], [mdc_report_header2], [mdc_query_select_flag], [mdc_sort_order], [mdc_change_log_flag], [mdc_disable_autocomplete_flag], [mdc_enable_subform_lookup_flag], [mdc_available_in_social_flag], [mdc_add_user], [mdc_add_date], [mdc_change_user], [mdc_change_date], [mdc_delete_flag], [mdc_entity_key]) VALUES('bf40fddf-ab80-42cd-9bdf-797cb2b0b75a', N'i13_add_user', N'client_stti_email_blueprint', N'client_stti_email_blueprint', 0, N'Add User', N'av_user', 0, 64, 64, 0, 0, 0, 0, 1, 0, 0, null, null, null, null, null, null, null, null, null, null, null, null, null, 0, 200, 0, 0, 0, 0, N'STTISThompson', '2013-08-26T16:46:47.920', null, null, 0, null)
INSERT INTO [dbo].[md_column] ([mdc_key], [mdc_name], [mdc_mdt_name], [mdc_table_name], [mdc_ext], [mdc_description], [mdc_data_type], [mdc_nullable], [mdc_width], [mdc_width_max], [mdc_readonly], [mdc_readonlyedit], [mdc_not_editable], [mdc_hidden], [mdc_required], [mdc_has_lookup], [mdc_autopostback], [mdc_input_mask], [mdc_control_class], [mdc_value_from], [mdc_value_column], [mdc_value_text_column], [mdc_value_where], [mdc_value_where_add], [mdc_value_orderby], [mdc_default_value], [mdc_validation_class], [mdc_list_header], [mdc_report_header1], [mdc_report_header2], [mdc_query_select_flag], [mdc_sort_order], [mdc_change_log_flag], [mdc_disable_autocomplete_flag], [mdc_enable_subform_lookup_flag], [mdc_available_in_social_flag], [mdc_add_user], [mdc_add_date], [mdc_change_user], [mdc_change_date], [mdc_delete_flag], [mdc_entity_key]) VALUES('ebc7f934-c166-4432-bbd6-0e67b3054001', N'i13_amsconnect_object_type', N'client_stti_email_blueprint', N'client_stti_email_blueprint', 0, N'AMSConnect Object Type', N'nvarchar', 1, 150, 150, 0, 0, 0, 0, 0, 0, 0, null, null, null, null, null, null, null, null, null, null, null, null, null, 0, 1800, 0, 0, 0, 0, N'STTISThompson', '2013-09-10T15:48:00.160', null, null, 0, null)
INSERT INTO [dbo].[md_column] ([mdc_key], [mdc_name], [mdc_mdt_name], [mdc_table_name], [mdc_ext], [mdc_description], [mdc_data_type], [mdc_nullable], [mdc_width], [mdc_width_max], [mdc_readonly], [mdc_readonlyedit], [mdc_not_editable], [mdc_hidden], [mdc_required], [mdc_has_lookup], [mdc_autopostback], [mdc_input_mask], [mdc_control_class], [mdc_value_from], [mdc_value_column], [mdc_value_text_column], [mdc_value_where], [mdc_value_where_add], [mdc_value_orderby], [mdc_default_value], [mdc_validation_class], [mdc_list_header], [mdc_report_header1], [mdc_report_header2], [mdc_query_select_flag], [mdc_sort_order], [mdc_change_log_flag], [mdc_disable_autocomplete_flag], [mdc_enable_subform_lookup_flag], [mdc_available_in_social_flag], [mdc_add_user], [mdc_add_date], [mdc_change_user], [mdc_change_date], [mdc_delete_flag], [mdc_entity_key]) VALUES('61361c59-f664-4e1e-b12f-b6e1a1bc185c', N'i13_bh_template_id', N'client_stti_email_blueprint', N'client_stti_email_blueprint', 0, N'BlueHornet Template Id', N'av_integer', 1, 4, 4, 0, 0, 0, 0, 0, 0, 0, null, null, null, null, null, null, null, null, null, null, null, null, null, 0, 800, 0, 0, 0, 0, N'STTISThompson', '2013-08-26T16:46:47.920', null, null, 0, null)
INSERT INTO [dbo].[md_column] ([mdc_key], [mdc_name], [mdc_mdt_name], [mdc_table_name], [mdc_ext], [mdc_description], [mdc_data_type], [mdc_nullable], [mdc_width], [mdc_width_max], [mdc_readonly], [mdc_readonlyedit], [mdc_not_editable], [mdc_hidden], [mdc_required], [mdc_has_lookup], [mdc_autopostback], [mdc_input_mask], [mdc_control_class], [mdc_value_from], [mdc_value_column], [mdc_value_text_column], [mdc_value_where], [mdc_value_where_add], [mdc_value_orderby], [mdc_default_value], [mdc_validation_class], [mdc_list_header], [mdc_report_header1], [mdc_report_header2], [mdc_query_select_flag], [mdc_sort_order], [mdc_change_log_flag], [mdc_disable_autocomplete_flag], [mdc_enable_subform_lookup_flag], [mdc_available_in_social_flag], [mdc_add_user], [mdc_add_date], [mdc_change_user], [mdc_change_date], [mdc_delete_flag], [mdc_entity_key]) VALUES('9efb4de6-7f5f-4462-aaa4-f88dec30ddbf', N'i13_change_date', N'client_stti_email_blueprint', N'client_stti_email_blueprint', 0, N'Change Date', N'av_date', 1, 24, 24, 0, 0, 0, 0, 0, 0, 0, N'99/99/9999', N'DateTextBox', null, null, null, null, null, null, null, null, null, null, null, 0, 500, 0, 0, 0, 0, N'STTISThompson', '2013-08-26T16:46:47.920', null, null, 0, null)
INSERT INTO [dbo].[md_column] ([mdc_key], [mdc_name], [mdc_mdt_name], [mdc_table_name], [mdc_ext], [mdc_description], [mdc_data_type], [mdc_nullable], [mdc_width], [mdc_width_max], [mdc_readonly], [mdc_readonlyedit], [mdc_not_editable], [mdc_hidden], [mdc_required], [mdc_has_lookup], [mdc_autopostback], [mdc_input_mask], [mdc_control_class], [mdc_value_from], [mdc_value_column], [mdc_value_text_column], [mdc_value_where], [mdc_value_where_add], [mdc_value_orderby], [mdc_default_value], [mdc_validation_class], [mdc_list_header], [mdc_report_header1], [mdc_report_header2], [mdc_query_select_flag], [mdc_sort_order], [mdc_change_log_flag], [mdc_disable_autocomplete_flag], [mdc_enable_subform_lookup_flag], [mdc_available_in_social_flag], [mdc_add_user], [mdc_add_date], [mdc_change_user], [mdc_change_date], [mdc_delete_flag], [mdc_entity_key]) VALUES('961f4cfe-2ea8-4e30-9996-6f74696fbe02', N'i13_change_user', N'client_stti_email_blueprint', N'client_stti_email_blueprint', 0, N'Change User', N'av_user', 1, 64, 64, 0, 0, 0, 0, 0, 0, 0, null, null, null, null, null, null, null, null, null, null, null, null, null, 0, 400, 0, 0, 0, 0, N'STTISThompson', '2013-08-26T16:46:47.920', null, null, 0, null)
INSERT INTO [dbo].[md_column] ([mdc_key], [mdc_name], [mdc_mdt_name], [mdc_table_name], [mdc_ext], [mdc_description], [mdc_data_type], [mdc_nullable], [mdc_width], [mdc_width_max], [mdc_readonly], [mdc_readonlyedit], [mdc_not_editable], [mdc_hidden], [mdc_required], [mdc_has_lookup], [mdc_autopostback], [mdc_input_mask], [mdc_control_class], [mdc_value_from], [mdc_value_column], [mdc_value_text_column], [mdc_value_where], [mdc_value_where_add], [mdc_value_orderby], [mdc_default_value], [mdc_validation_class], [mdc_list_header], [mdc_report_header1], [mdc_report_header2], [mdc_query_select_flag], [mdc_sort_order], [mdc_change_log_flag], [mdc_disable_autocomplete_flag], [mdc_enable_subform_lookup_flag], [mdc_available_in_social_flag], [mdc_add_user], [mdc_add_date], [mdc_change_user], [mdc_change_date], [mdc_delete_flag], [mdc_entity_key]) VALUES('eab6cfb7-8ec9-442a-9b81-fe5912d38393', N'i13_chapter_customization', N'client_stti_email_blueprint', N'client_stti_email_blueprint', 0, N'Chapter Customized Text Allowed', N'av_flag', 0, 1, 1, 0, 0, 0, 0, 0, 0, 0, null, N'CheckBox', null, null, null, null, null, null, null, null, null, null, null, 0, 1200, 0, 0, 0, 0, N'STTISThompson', '2013-08-26T16:46:47.920', null, null, 0, null)
INSERT INTO [dbo].[md_column] ([mdc_key], [mdc_name], [mdc_mdt_name], [mdc_table_name], [mdc_ext], [mdc_description], [mdc_data_type], [mdc_nullable], [mdc_width], [mdc_width_max], [mdc_readonly], [mdc_readonlyedit], [mdc_not_editable], [mdc_hidden], [mdc_required], [mdc_has_lookup], [mdc_autopostback], [mdc_input_mask], [mdc_control_class], [mdc_value_from], [mdc_value_column], [mdc_value_text_column], [mdc_value_where], [mdc_value_where_add], [mdc_value_orderby], [mdc_default_value], [mdc_validation_class], [mdc_list_header], [mdc_report_header1], [mdc_report_header2], [mdc_query_select_flag], [mdc_sort_order], [mdc_change_log_flag], [mdc_disable_autocomplete_flag], [mdc_enable_subform_lookup_flag], [mdc_available_in_social_flag], [mdc_add_user], [mdc_add_date], [mdc_change_user], [mdc_change_date], [mdc_delete_flag], [mdc_entity_key]) VALUES('8134798a-07e1-4b3b-9ddb-49c86365f40f', N'i13_code', N'client_stti_email_blueprint', N'client_stti_email_blueprint', 0, N'Blueprint Code', N'nvarchar', 1, 100, 100, 0, 0, 0, 0, 0, 0, 0, null, null, null, null, null, null, null, null, null, null, null, null, null, 0, 900, 0, 0, 0, 0, N'STTISThompson', '2013-08-26T16:46:47.920', null, null, 0, null)
INSERT INTO [dbo].[md_column] ([mdc_key], [mdc_name], [mdc_mdt_name], [mdc_table_name], [mdc_ext], [mdc_description], [mdc_data_type], [mdc_nullable], [mdc_width], [mdc_width_max], [mdc_readonly], [mdc_readonlyedit], [mdc_not_editable], [mdc_hidden], [mdc_required], [mdc_has_lookup], [mdc_autopostback], [mdc_input_mask], [mdc_control_class], [mdc_value_from], [mdc_value_column], [mdc_value_text_column], [mdc_value_where], [mdc_value_where_add], [mdc_value_orderby], [mdc_default_value], [mdc_validation_class], [mdc_list_header], [mdc_report_header1], [mdc_report_header2], [mdc_query_select_flag], [mdc_sort_order], [mdc_change_log_flag], [mdc_disable_autocomplete_flag], [mdc_enable_subform_lookup_flag], [mdc_available_in_social_flag], [mdc_add_user], [mdc_add_date], [mdc_change_user], [mdc_change_date], [mdc_delete_flag], [mdc_entity_key]) VALUES('55dd4424-edcc-45da-ac04-71d65db12a0a', N'i13_customization', N'client_stti_email_blueprint', N'client_stti_email_blueprint', 0, N'Customized Text Allowed', N'av_flag', 0, 1, 1, 0, 0, 0, 0, 1, 0, 0, null, N'CheckBox', null, null, null, null, null, null, null, null, null, null, null, 0, 1700, 0, 0, 0, 0, N'STTISThompson', '2013-09-10T15:48:00.160', null, null, 0, null)
INSERT INTO [dbo].[md_column] ([mdc_key], [mdc_name], [mdc_mdt_name], [mdc_table_name], [mdc_ext], [mdc_description], [mdc_data_type], [mdc_nullable], [mdc_width], [mdc_width_max], [mdc_readonly], [mdc_readonlyedit], [mdc_not_editable], [mdc_hidden], [mdc_required], [mdc_has_lookup], [mdc_autopostback], [mdc_input_mask], [mdc_control_class], [mdc_value_from], [mdc_value_column], [mdc_value_text_column], [mdc_value_where], [mdc_value_where_add], [mdc_value_orderby], [mdc_default_value], [mdc_validation_class], [mdc_list_header], [mdc_report_header1], [mdc_report_header2], [mdc_query_select_flag], [mdc_sort_order], [mdc_change_log_flag], [mdc_disable_autocomplete_flag], [mdc_enable_subform_lookup_flag], [mdc_available_in_social_flag], [mdc_add_user], [mdc_add_date], [mdc_change_user], [mdc_change_date], [mdc_delete_flag], [mdc_entity_key]) VALUES('f59c583d-b0a2-4d72-b83d-ebed866316fb', N'i13_delete_flag', N'client_stti_email_blueprint', N'client_stti_email_blueprint', 0, N'Delete Flag', N'av_delete_flag', 0, 1, 1, 0, 0, 0, 0, 1, 0, 0, null, null, null, null, null, null, null, null, null, null, null, null, null, 0, 600, 0, 0, 0, 0, N'STTISThompson', '2013-08-26T16:46:47.920', null, null, 0, null)
INSERT INTO [dbo].[md_column] ([mdc_key], [mdc_name], [mdc_mdt_name], [mdc_table_name], [mdc_ext], [mdc_description], [mdc_data_type], [mdc_nullable], [mdc_width], [mdc_width_max], [mdc_readonly], [mdc_readonlyedit], [mdc_not_editable], [mdc_hidden], [mdc_required], [mdc_has_lookup], [mdc_autopostback], [mdc_input_mask], [mdc_control_class], [mdc_value_from], [mdc_value_column], [mdc_value_text_column], [mdc_value_where], [mdc_value_where_add], [mdc_value_orderby], [mdc_default_value], [mdc_validation_class], [mdc_list_header], [mdc_report_header1], [mdc_report_header2], [mdc_query_select_flag], [mdc_sort_order], [mdc_change_log_flag], [mdc_disable_autocomplete_flag], [mdc_enable_subform_lookup_flag], [mdc_available_in_social_flag], [mdc_add_user], [mdc_add_date], [mdc_change_user], [mdc_change_date], [mdc_delete_flag], [mdc_entity_key]) VALUES('0ae8d1a8-7bdb-4598-92bb-d71391c1fa25', N'i13_description', N'client_stti_email_blueprint', N'client_stti_email_blueprint', 0, N'Blueprint Description', N'nvarchar', 1, 250, 250, 0, 0, 0, 0, 0, 0, 0, null, null, null, null, null, null, null, null, null, null, null, null, null, 0, 1000, 0, 0, 0, 0, N'STTISThompson', '2013-08-26T16:46:47.920', null, null, 0, null)
INSERT INTO [dbo].[md_column] ([mdc_key], [mdc_name], [mdc_mdt_name], [mdc_table_name], [mdc_ext], [mdc_description], [mdc_data_type], [mdc_nullable], [mdc_width], [mdc_width_max], [mdc_readonly], [mdc_readonlyedit], [mdc_not_editable], [mdc_hidden], [mdc_required], [mdc_has_lookup], [mdc_autopostback], [mdc_input_mask], [mdc_control_class], [mdc_value_from], [mdc_value_column], [mdc_value_text_column], [mdc_value_where], [mdc_value_where_add], [mdc_value_orderby], [mdc_default_value], [mdc_validation_class], [mdc_list_header], [mdc_report_header1], [mdc_report_header2], [mdc_query_select_flag], [mdc_sort_order], [mdc_change_log_flag], [mdc_disable_autocomplete_flag], [mdc_enable_subform_lookup_flag], [mdc_available_in_social_flag], [mdc_add_user], [mdc_add_date], [mdc_change_user], [mdc_change_date], [mdc_delete_flag], [mdc_entity_key]) VALUES('bbfda16e-3f8f-4ee4-84c4-77fe687d0079', N'i13_entity_key', N'client_stti_email_blueprint', N'client_stti_email_blueprint', 0, N'Entity Key', N'av_key', 1, 16, 16, 0, 0, 0, 0, 0, 0, 0, null, null, null, null, null, null, null, null, null, null, null, null, null, 0, 700, 0, 0, 0, 0, N'STTISThompson', '2013-08-26T16:46:47.920', null, null, 0, null)
INSERT INTO [dbo].[md_column] ([mdc_key], [mdc_name], [mdc_mdt_name], [mdc_table_name], [mdc_ext], [mdc_description], [mdc_data_type], [mdc_nullable], [mdc_width], [mdc_width_max], [mdc_readonly], [mdc_readonlyedit], [mdc_not_editable], [mdc_hidden], [mdc_required], [mdc_has_lookup], [mdc_autopostback], [mdc_input_mask], [mdc_control_class], [mdc_value_from], [mdc_value_column], [mdc_value_text_column], [mdc_value_where], [mdc_value_where_add], [mdc_value_orderby], [mdc_default_value], [mdc_validation_class], [mdc_list_header], [mdc_report_header1], [mdc_report_header2], [mdc_query_select_flag], [mdc_sort_order], [mdc_change_log_flag], [mdc_disable_autocomplete_flag], [mdc_enable_subform_lookup_flag], [mdc_available_in_social_flag], [mdc_add_user], [mdc_add_date], [mdc_change_user], [mdc_change_date], [mdc_delete_flag], [mdc_entity_key]) VALUES('bcbeb0c9-e5c8-4b8d-8232-a8ee807e96cc', N'i13_i12_key', N'client_stti_email_blueprint', N'client_stti_email_blueprint', 0, N'Trigger Type Key', N'av_key', 1, 16, 16, 0, 0, 0, 0, 0, 0, 0, null, null, null, null, null, null, null, null, null, null, null, null, null, 0, 1400, 0, 0, 0, 0, N'STTISThompson', '2013-08-26T16:46:47.920', null, null, 0, null)
INSERT INTO [dbo].[md_column] ([mdc_key], [mdc_name], [mdc_mdt_name], [mdc_table_name], [mdc_ext], [mdc_description], [mdc_data_type], [mdc_nullable], [mdc_width], [mdc_width_max], [mdc_readonly], [mdc_readonlyedit], [mdc_not_editable], [mdc_hidden], [mdc_required], [mdc_has_lookup], [mdc_autopostback], [mdc_input_mask], [mdc_control_class], [mdc_value_from], [mdc_value_column], [mdc_value_text_column], [mdc_value_where], [mdc_value_where_add], [mdc_value_orderby], [mdc_default_value], [mdc_validation_class], [mdc_list_header], [mdc_report_header1], [mdc_report_header2], [mdc_query_select_flag], [mdc_sort_order], [mdc_change_log_flag], [mdc_disable_autocomplete_flag], [mdc_enable_subform_lookup_flag], [mdc_available_in_social_flag], [mdc_add_user], [mdc_add_date], [mdc_change_user], [mdc_change_date], [mdc_delete_flag], [mdc_entity_key]) VALUES('7424d65e-ba88-46a0-88f5-40ac0793cc01', N'i13_key', N'client_stti_email_blueprint', N'client_stti_email_blueprint', 0, N'Unique Key', N'av_key', 0, 16, 16, 0, 0, 0, 0, 1, 0, 0, null, null, null, null, null, null, null, null, null, null, null, null, null, 0, 100, 0, 0, 0, 0, N'STTISThompson', '2013-08-26T16:46:47.920', null, null, 0, null)
INSERT INTO [dbo].[md_column] ([mdc_key], [mdc_name], [mdc_mdt_name], [mdc_table_name], [mdc_ext], [mdc_description], [mdc_data_type], [mdc_nullable], [mdc_width], [mdc_width_max], [mdc_readonly], [mdc_readonlyedit], [mdc_not_editable], [mdc_hidden], [mdc_required], [mdc_has_lookup], [mdc_autopostback], [mdc_input_mask], [mdc_control_class], [mdc_value_from], [mdc_value_column], [mdc_value_text_column], [mdc_value_where], [mdc_value_where_add], [mdc_value_orderby], [mdc_default_value], [mdc_validation_class], [mdc_list_header], [mdc_report_header1], [mdc_report_header2], [mdc_query_select_flag], [mdc_sort_order], [mdc_change_log_flag], [mdc_disable_autocomplete_flag], [mdc_enable_subform_lookup_flag], [mdc_available_in_social_flag], [mdc_add_user], [mdc_add_date], [mdc_change_user], [mdc_change_date], [mdc_delete_flag], [mdc_entity_key]) VALUES('d74da73c-4f59-4096-a1af-9a6c9b164deb', N'i13_obj_key', N'client_stti_email_blueprint', N'client_stti_email_blueprint', 0, null, N'av_key', 1, 16, 16, 0, 0, 0, 0, 0, 0, 0, null, null, null, null, null, null, null, null, null, null, null, null, null, 0, 1500, 0, 0, 0, 0, N'STTISThompson', '2013-09-09T15:26:46.167', null, null, 0, null)
INSERT INTO [dbo].[md_column] ([mdc_key], [mdc_name], [mdc_mdt_name], [mdc_table_name], [mdc_ext], [mdc_description], [mdc_data_type], [mdc_nullable], [mdc_width], [mdc_width_max], [mdc_readonly], [mdc_readonlyedit], [mdc_not_editable], [mdc_hidden], [mdc_required], [mdc_has_lookup], [mdc_autopostback], [mdc_input_mask], [mdc_control_class], [mdc_value_from], [mdc_value_column], [mdc_value_text_column], [mdc_value_where], [mdc_value_where_add], [mdc_value_orderby], [mdc_default_value], [mdc_validation_class], [mdc_list_header], [mdc_report_header1], [mdc_report_header2], [mdc_query_select_flag], [mdc_sort_order], [mdc_change_log_flag], [mdc_disable_autocomplete_flag], [mdc_enable_subform_lookup_flag], [mdc_available_in_social_flag], [mdc_add_user], [mdc_add_date], [mdc_change_user], [mdc_change_date], [mdc_delete_flag], [mdc_entity_key]) VALUES('689209b7-5833-404a-b1be-a06624a5f487', N'i13_recipient_query', N'client_stti_email_blueprint', N'client_stti_email_blueprint', 0, N'Recipient Query', N'nvarchar', 1, 300, 300, 0, 0, 0, 0, 0, 0, 0, null, null, null, null, null, null, null, null, null, null, null, null, null, 0, 1300, 0, 0, 0, 0, N'STTISThompson', '2013-08-26T16:46:47.920', null, null, 0, null)
INSERT INTO [dbo].[md_column] ([mdc_key], [mdc_name], [mdc_mdt_name], [mdc_table_name], [mdc_ext], [mdc_description], [mdc_data_type], [mdc_nullable], [mdc_width], [mdc_width_max], [mdc_readonly], [mdc_readonlyedit], [mdc_not_editable], [mdc_hidden], [mdc_required], [mdc_has_lookup], [mdc_autopostback], [mdc_input_mask], [mdc_control_class], [mdc_value_from], [mdc_value_column], [mdc_value_text_column], [mdc_value_where], [mdc_value_where_add], [mdc_value_orderby], [mdc_default_value], [mdc_validation_class], [mdc_list_header], [mdc_report_header1], [mdc_report_header2], [mdc_query_select_flag], [mdc_sort_order], [mdc_change_log_flag], [mdc_disable_autocomplete_flag], [mdc_enable_subform_lookup_flag], [mdc_available_in_social_flag], [mdc_add_user], [mdc_add_date], [mdc_change_user], [mdc_change_date], [mdc_delete_flag], [mdc_entity_key]) VALUES('e17b76b9-1124-4adb-8ebd-3782fc057298', N'i13_recipient_type', N'client_stti_email_blueprint', N'client_stti_email_blueprint', 0, N'Recipient Type', N'nvarchar', 1, 150, 150, 0, 0, 0, 0, 0, 0, 0, null, null, null, null, null, null, null, null, null, null, null, null, null, 0, 1600, 0, 0, 0, 0, N'STTISThompson', '2013-09-09T15:57:28.483', null, null, 0, null)
INSERT INTO [dbo].[md_column] ([mdc_key], [mdc_name], [mdc_mdt_name], [mdc_table_name], [mdc_ext], [mdc_description], [mdc_data_type], [mdc_nullable], [mdc_width], [mdc_width_max], [mdc_readonly], [mdc_readonlyedit], [mdc_not_editable], [mdc_hidden], [mdc_required], [mdc_has_lookup], [mdc_autopostback], [mdc_input_mask], [mdc_control_class], [mdc_value_from], [mdc_value_column], [mdc_value_text_column], [mdc_value_where], [mdc_value_where_add], [mdc_value_orderby], [mdc_default_value], [mdc_validation_class], [mdc_list_header], [mdc_report_header1], [mdc_report_header2], [mdc_query_select_flag], [mdc_sort_order], [mdc_change_log_flag], [mdc_disable_autocomplete_flag], [mdc_enable_subform_lookup_flag], [mdc_available_in_social_flag], [mdc_add_user], [mdc_add_date], [mdc_change_user], [mdc_change_date], [mdc_delete_flag], [mdc_entity_key]) VALUES('0dfb2e4d-e069-4ca9-a9d2-b6c1d277c768', N'i13_send_logic', N'client_stti_email_blueprint', N'client_stti_email_blueprint', 0, N'Send Logic', N'nvarchar', 1, 500, 500, 0, 0, 0, 0, 0, 0, 0, null, null, null, null, null, null, null, null, null, null, null, null, null, 0, 1100, 0, 0, 0, 0, N'STTISThompson', '2013-08-26T16:46:47.920', null, null, 0, null)


-- --Table: [dbo].[md_dynamic_form]
-- --Insert
INSERT INTO [dbo].[md_dynamic_form] ([dyn_key], [dyn_description], [dyn_title], [dyn_title_icon], [dyn_obj_key], [dyn_has_child_forms], [dyn_has_extensions], [dyn_has_profile], [dyn_primary_profile], [dyn_designed], [dyn_nodelete], [dyn_nohide], [dyn_nosave], [dyn_norecordinfo], [dyn_display_only], [dyn_dispo_control], [dyn_dispo_operator], [dyn_dispo_value], [dyn_static_edit_form], [dyn_static_profile_form], [dyn_key_base], [dyn_cgr_key], [dyn_enable_atlas_flag], [dyn_sub_form_flag], [dyn_add_user], [dyn_add_date], [dyn_change_user], [dyn_change_date], [dyn_delete_flag], [dyn_entity_key]) VALUES('3957c2ff-1b40-4c96-a583-e1dd613844be', N'STTI Email Blueprint', null, null, '23f76a52-2c13-47c8-b2de-72470f1fa070', 0, 0, 0, 0, 0, 0, 0, 0, 0, 0, null, null, null, null, null, null, null, 1, 0, N'SThompson_STTI', '2013-08-26T16:51:15.000', null, null, 0, null)


-- --Table: [dbo].[md_dynamic_form_child]
-- --Table: [dbo].[md_dynamic_form_control]
-- --Table: [dbo].[md_dynamic_form_substitute]
-- --Table: [dbo].[md_dynamic_profile_detail]
-- --Table: [dbo].[md_dynamic_search]
-- --Insert
INSERT INTO [dbo].[md_dynamic_search] ([sch_key], [sch_dyn_key], [sch_mdt_name], [sch_lsf_from_alias], [sch_mdc_key], [sch_control_class], [sch_order], [sch_default_operator], [sch_value_from], [sch_value_column], [sch_value_text_column], [sch_value_where], [sch_value_orderby], [sch_autopostback], [sch_default_value], [sch_description], [sch_add_user], [sch_add_date], [sch_change_user], [sch_change_date], [sch_delete_flag], [sch_entity_key], [sch_sql_visible]) VALUES('7e8077c8-d38b-4994-ba39-73e50a72540c', '3957c2ff-1b40-4c96-a583-e1dd613844be', N'client_stti_email_blueprint', null, '8134798a-07e1-4b3b-9ddb-49c86365f40f', N'TextBox', 900, null, null, null, null, null, null, 0, null, null, N'SThompson_STTI', '2013-08-26T16:51:15.000', null, null, 0, null, null)
INSERT INTO [dbo].[md_dynamic_search] ([sch_key], [sch_dyn_key], [sch_mdt_name], [sch_lsf_from_alias], [sch_mdc_key], [sch_control_class], [sch_order], [sch_default_operator], [sch_value_from], [sch_value_column], [sch_value_text_column], [sch_value_where], [sch_value_orderby], [sch_autopostback], [sch_default_value], [sch_description], [sch_add_user], [sch_add_date], [sch_change_user], [sch_change_date], [sch_delete_flag], [sch_entity_key], [sch_sql_visible]) VALUES('5a09ba74-9d93-4bd9-afbd-a91a97446a58', '3957c2ff-1b40-4c96-a583-e1dd613844be', N'client_stti_email_blueprint', null, '61361c59-f664-4e1e-b12f-b6e1a1bc185c', N'TextBox', 800, null, null, null, null, null, null, 0, null, null, N'SThompson_STTI', '2013-08-26T16:51:15.000', null, null, 0, null, null)
INSERT INTO [dbo].[md_dynamic_search] ([sch_key], [sch_dyn_key], [sch_mdt_name], [sch_lsf_from_alias], [sch_mdc_key], [sch_control_class], [sch_order], [sch_default_operator], [sch_value_from], [sch_value_column], [sch_value_text_column], [sch_value_where], [sch_value_orderby], [sch_autopostback], [sch_default_value], [sch_description], [sch_add_user], [sch_add_date], [sch_change_user], [sch_change_date], [sch_delete_flag], [sch_entity_key], [sch_sql_visible]) VALUES('41199cc3-9b05-4e37-8b46-b13e47c56a22', '3957c2ff-1b40-4c96-a583-e1dd613844be', N'client_stti_email_blueprint', null, '0ae8d1a8-7bdb-4598-92bb-d71391c1fa25', N'TextBox', 1000, null, null, null, null, null, null, 0, null, null, N'SThompson_STTI', '2013-08-26T16:51:15.000', null, null, 0, null, null)
INSERT INTO [dbo].[md_dynamic_search] ([sch_key], [sch_dyn_key], [sch_mdt_name], [sch_lsf_from_alias], [sch_mdc_key], [sch_control_class], [sch_order], [sch_default_operator], [sch_value_from], [sch_value_column], [sch_value_text_column], [sch_value_where], [sch_value_orderby], [sch_autopostback], [sch_default_value], [sch_description], [sch_add_user], [sch_add_date], [sch_change_user], [sch_change_date], [sch_delete_flag], [sch_entity_key], [sch_sql_visible]) VALUES('138372ff-056a-4a3b-97b6-b442cc8177cc', '3957c2ff-1b40-4c96-a583-e1dd613844be', N'client_stti_email_blueprint', null, 'eab6cfb7-8ec9-442a-9b81-fe5912d38393', N'CheckBox', 1200, null, null, null, null, null, null, 0, null, null, N'SThompson_STTI', '2013-08-26T16:51:15.000', null, null, 0, null, null)
INSERT INTO [dbo].[md_dynamic_search] ([sch_key], [sch_dyn_key], [sch_mdt_name], [sch_lsf_from_alias], [sch_mdc_key], [sch_control_class], [sch_order], [sch_default_operator], [sch_value_from], [sch_value_column], [sch_value_text_column], [sch_value_where], [sch_value_orderby], [sch_autopostback], [sch_default_value], [sch_description], [sch_add_user], [sch_add_date], [sch_change_user], [sch_change_date], [sch_delete_flag], [sch_entity_key], [sch_sql_visible]) VALUES('5b10e96b-651d-401b-9bda-b6a736406725', '3957c2ff-1b40-4c96-a583-e1dd613844be', N'client_stti_email_blueprint', null, '689209b7-5833-404a-b1be-a06624a5f487', N'TextBox', 1300, null, null, null, null, null, null, 0, null, null, N'SThompson_STTI', '2013-08-26T16:51:15.000', null, null, 0, null, null)


-- --Table: [dbo].[md_form_link]
-- --Table: [dbo].[md_lookup]
-- --Table: [dbo].[md_lookup_xref]
-- --Table: [dbo].[md_metadata_lock]
-- --Insert
INSERT INTO [dbo].[md_metadata_lock] ([lok_key], [lok_mdt_name], [lok_row_key], [lok_add_user], [lok_add_date], [lok_change_user], [lok_change_date], [lok_delete_flag], [lok_entity_key]) VALUES('23662f32-8163-45d9-88e0-1f122f57e510', N'md_table', 'e9afd139-0072-41e4-9fa3-1324ea0669c2', N'SThompson_STTI', '2013-08-26T16:45:22.150', null, null, 0, null)
INSERT INTO [dbo].[md_metadata_lock] ([lok_key], [lok_mdt_name], [lok_row_key], [lok_add_user], [lok_add_date], [lok_change_user], [lok_change_date], [lok_delete_flag], [lok_entity_key]) VALUES('48d0ce88-b603-489f-b6b2-e4f1ad4502a7', N'md_object', '23f76a52-2c13-47c8-b2de-72470f1fa070', N'SThompson_STTI', '2013-08-26T16:51:17.163', null, null, 0, null)


-- --Table: [dbo].[md_object]
-- --Insert
INSERT INTO [dbo].[md_object] ([obj_key], [obj_description], [obj_name], [obj_prefix], [obj_defaultorderby], [obj_defaultcolumns], [obj_assembly], [obj_typename], [obj_has_related], [obj_has_extensions], [obj_workflow_flag], [obj_dup_check_dyc_key], [obj_dup_allow_save], [obj_correspondence_flag], [obj_cgr_key], [obj_mass_replace_flag], [obj_social_group_flag], [obj_social_participant_flag], [obj_allows_import], [obj_add_user], [obj_add_date], [obj_change_user], [obj_change_date], [obj_delete_flag], [obj_entity_key]) VALUES('23f76a52-2c13-47c8-b2de-72470f1fa070', N'STTI Email Blueprint', N'STTIEmailBlueprint', N'i13', N'isnull(i13_change_date,i13_add_date) desc', N'i13_code,i13_description,i13_chapter_customization,i13_recipient_query,i13_bh_template_id,i13_send_logic,i13_add_user', N'Data', N'Avectra.netForum.Data.DynamicFacade', 0, 0, 1, null, 0, 0, null, 0, 0, 0, null, N'SThompson_STTI', '2013-08-26T16:51:15.000', null, null, 0, null)


-- --Table: [dbo].[md_object_data]
-- --Insert
INSERT INTO [dbo].[md_object_data] ([obd_key], [obd_obj_key], [obd_description], [obd_data_object_prefix], [obd_table_name], [obd_table_name_ext], [obd_table_prefix], [obd_table_prefix_ext], [obd_key_field], [obd_key_field_ext], [obd_parent_key], [obd_order], [obd_save_order], [obd_do_not_save], [obd_one_to_many], [obd_do_not_select], [obd_delete_flag_field], [obd_add_user], [obd_add_date], [obd_change_user], [obd_change_date], [obd_delete_flag], [obd_entity_key]) VALUES('cd5d2c7d-ff14-43db-a559-81033b93527a', '23f76a52-2c13-47c8-b2de-72470f1fa070', N'STTI Email Blueprint', N'i13', N'client_stti_email_blueprint', null, N'i13', null, N'i13_key', null, null, 0, 0, 0, 0, 0, N'i13_delete_flag', N'SThompson_STTI', '2013-08-26T16:51:15.000', null, null, 0, null)


-- --Table: [dbo].[md_object_related]
-- --Table: [dbo].[md_object_related_control]
-- --Table: [dbo].[md_query]
-- --Table: [dbo].[md_query_detail]
-- --Table: [dbo].[md_query_sub]
-- --Table: [dbo].[md_query_sub_detail]
-- --Table: [dbo].[md_report]
-- --Table: [dbo].[md_report_parameter]
-- --Table: [dbo].[md_table]
-- --Insert
INSERT INTO [dbo].[md_table] ([mdt_key], [mdt_name], [mdt_description], [mdt_prefix], [mdt_key_column], [mdt_email_column], [mdt_fax_column], [mdt_pref_comm_meth_column], [mdt_ignore_entity], [mdt_cst_key_xref_column], [mdt_add_user], [mdt_add_date], [mdt_change_user], [mdt_change_date], [mdt_delete_flag], [mdt_entity_key], [mdt_logsql_flag], [mdt_address_column], [mdt_phone_column]) VALUES('e9afd139-0072-41e4-9fa3-1324ea0669c2', N'client_stti_email_blueprint', N'STTI Email Blueprint', N'i13', N'i13_key', null, null, null, 0, null, N'SThompson_STTI', '2013-08-26T16:45:21.000', N'SThompson_STTI', '2013-08-26T16:49:06.000', 0, null, null, null, null)


-- --Table: [dbo].[md_table_list_column]
-- --Insert
INSERT INTO [dbo].[md_table_list_column] ([lsc_key], [lsc_lsf_key], [lsc_mdc_name], [lsc_name_alias], [lsc_order], [lsc_add_user], [lsc_add_date], [lsc_change_user], [lsc_change_date], [lsc_delete_flag], [lsc_entity_key]) VALUES('2ac83181-783e-443e-a095-3b06aaa651e9', 'c7301054-ad1f-4417-b109-804a1ed46660', N'i13_chapter_customization', null, 1200, N'SThompson_STTI', '2013-08-26T16:51:15.000', null, null, 0, null)
INSERT INTO [dbo].[md_table_list_column] ([lsc_key], [lsc_lsf_key], [lsc_mdc_name], [lsc_name_alias], [lsc_order], [lsc_add_user], [lsc_add_date], [lsc_change_user], [lsc_change_date], [lsc_delete_flag], [lsc_entity_key]) VALUES('e5c9a35b-126e-4acc-95dd-4c89af1f1521', 'c7301054-ad1f-4417-b109-804a1ed46660', N'i13_send_logic', null, 1100, N'SThompson_STTI', '2013-08-26T16:51:15.000', null, null, 0, null)
INSERT INTO [dbo].[md_table_list_column] ([lsc_key], [lsc_lsf_key], [lsc_mdc_name], [lsc_name_alias], [lsc_order], [lsc_add_user], [lsc_add_date], [lsc_change_user], [lsc_change_date], [lsc_delete_flag], [lsc_entity_key]) VALUES('f66e5014-b525-4d60-bda8-adcea0a5cea9', 'c7301054-ad1f-4417-b109-804a1ed46660', N'i13_recipient_query', null, 1300, N'SThompson_STTI', '2013-08-26T16:51:15.000', null, null, 0, null)
INSERT INTO [dbo].[md_table_list_column] ([lsc_key], [lsc_lsf_key], [lsc_mdc_name], [lsc_name_alias], [lsc_order], [lsc_add_user], [lsc_add_date], [lsc_change_user], [lsc_change_date], [lsc_delete_flag], [lsc_entity_key]) VALUES('0768e287-4be7-4c5c-b124-cd5bfb7c1071', 'c7301054-ad1f-4417-b109-804a1ed46660', N'i13_code', null, 900, N'SThompson_STTI', '2013-08-26T16:51:15.000', null, null, 0, null)
INSERT INTO [dbo].[md_table_list_column] ([lsc_key], [lsc_lsf_key], [lsc_mdc_name], [lsc_name_alias], [lsc_order], [lsc_add_user], [lsc_add_date], [lsc_change_user], [lsc_change_date], [lsc_delete_flag], [lsc_entity_key]) VALUES('8d63586d-0a3d-4a50-8da3-d1401b2b90fe', 'c7301054-ad1f-4417-b109-804a1ed46660', N'i13_description', null, 1000, N'SThompson_STTI', '2013-08-26T16:51:15.000', null, null, 0, null)
INSERT INTO [dbo].[md_table_list_column] ([lsc_key], [lsc_lsf_key], [lsc_mdc_name], [lsc_name_alias], [lsc_order], [lsc_add_user], [lsc_add_date], [lsc_change_user], [lsc_change_date], [lsc_delete_flag], [lsc_entity_key]) VALUES('fb16b55e-8cab-49c7-8f5a-d91bf55f69b2', 'c7301054-ad1f-4417-b109-804a1ed46660', N'i13_bh_template_id', null, 800, N'SThompson_STTI', '2013-08-26T16:51:15.000', null, null, 0, null)
INSERT INTO [dbo].[md_table_list_column] ([lsc_key], [lsc_lsf_key], [lsc_mdc_name], [lsc_name_alias], [lsc_order], [lsc_add_user], [lsc_add_date], [lsc_change_user], [lsc_change_date], [lsc_delete_flag], [lsc_entity_key]) VALUES('0d5a1037-9be6-4246-aa8a-edb7dd266dcc', 'c7301054-ad1f-4417-b109-804a1ed46660', N'i13_add_user', null, 200, N'SThompson_STTI', '2013-08-26T16:51:15.000', null, null, 0, null)


-- --Table: [dbo].[md_table_list_from]
-- --Insert
INSERT INTO [dbo].[md_table_list_from] ([lsf_key], [lsf_lst_key], [lsf_from_table], [lsf_from_alias], [lsf_from_order], [lsf_from_join_type], [lsf_from_join], [lsf_add_user], [lsf_add_date], [lsf_change_user], [lsf_change_date], [lsf_delete_flag], [lsf_entity_key]) VALUES('c7301054-ad1f-4417-b109-804a1ed46660', '89c1199c-c2a3-43c4-8772-7b2dfa2678f9', N'client_stti_email_blueprint', null, 0, null, null, N'SThompson_STTI', '2013-08-26T16:51:15.000', null, null, 0, null)


-- --Table: [dbo].[md_table_list_table]
-- --Insert
INSERT INTO [dbo].[md_table_list_table] ([lst_key], [lst_mdt_name], [lst_select_distinct], [lst_add_user], [lst_add_date], [lst_change_user], [lst_change_date], [lst_delete_flag], [lst_entity_key]) VALUES('89c1199c-c2a3-43c4-8772-7b2dfa2678f9', N'client_stti_email_blueprint', 0, N'SThompson_STTI', '2013-08-26T16:51:15.000', null, null, 0, null)


-- --Table: [dbo].[md_workflow_rule]
-- --Table: [dbo].[md_workflow_task]
-- -Creating foreign key: [dbo].[cm_group_item].[FK_cm_group_item_cm_group]
ALTER TABLE [dbo].[cm_group_item] ADD 
	CONSTRAINT [FK_cm_group_item_cm_group] FOREIGN KEY 
	(
		[cgi_cgr_key]
	)REFERENCES [dbo].[cm_group](
		[cgr_key]
	)ON UPDATE NO ACTION ON DELETE CASCADE 

-- -Creating foreign key: [dbo].[cm_group_item_link].[FK_cm_group_item_link_cm_group_item]
ALTER TABLE [dbo].[cm_group_item_link] ADD 
	CONSTRAINT [FK_cm_group_item_link_cm_group_item] FOREIGN KEY 
	(
		[cgl_cgi_key]
	)REFERENCES [dbo].[cm_group_item](
		[cgi_key]
	)ON UPDATE NO ACTION ON DELETE CASCADE 

-- -Creating foreign key: [dbo].[cm_group_item_link].[FK_cm_group_item_link_cm_group_item1]
ALTER TABLE [dbo].[cm_group_item_link] ADD 
	CONSTRAINT [FK_cm_group_item_link_cm_group_item1] FOREIGN KEY 
	(
		[cgl_cgi_key],[cgl_cgr_key]
	)REFERENCES [dbo].[cm_group_item](
		[cgi_key],[cgi_cgr_key]
	)ON UPDATE CASCADE ON DELETE NO ACTION 

-- -Creating foreign key: [dbo].[cm_group_item_link].[FK_cm_group_item_link_cm_group]
ALTER TABLE [dbo].[cm_group_item_link] ADD 
	CONSTRAINT [FK_cm_group_item_link_cm_group] FOREIGN KEY 
	(
		[cgl_cgr_key]
	)REFERENCES [dbo].[cm_group](
		[cgr_key]
	)ON UPDATE NO ACTION ON DELETE NO ACTION 

-- -Creating foreign key: [dbo].[cm_group_item_link].[FK_cm_group_item_link_md_dynamic_form]
ALTER TABLE [dbo].[cm_group_item_link] ADD 
	CONSTRAINT [FK_cm_group_item_link_md_dynamic_form] FOREIGN KEY 
	(
		[cgl_dynamic_form]
	)REFERENCES [dbo].[md_dynamic_form](
		[dyn_key]
	)ON UPDATE NO ACTION ON DELETE CASCADE 

-- -Creating foreign key: [dbo].[cm_group_item_link].[FK_cm_group_item_link_md_report]
ALTER TABLE [dbo].[cm_group_item_link] ADD 
	CONSTRAINT [FK_cm_group_item_link_md_report] FOREIGN KEY 
	(
		[cgl_rpt_key]
	)REFERENCES [dbo].[md_report](
		[rpt_key]
	)ON UPDATE NO ACTION ON DELETE NO ACTION 

-- -Creating foreign key: [dbo].[cm_group_item_link].[FK_cm_group_item_link_md_wizard]
ALTER TABLE [dbo].[cm_group_item_link] ADD 
	CONSTRAINT [FK_cm_group_item_link_md_wizard] FOREIGN KEY 
	(
		[cgl_wiz_key]
	)REFERENCES [dbo].[md_wizard](
		[wiz_key]
	)ON UPDATE NO ACTION ON DELETE NO ACTION 

-- -Creating foreign key: [dbo].[fw_group_x_link].[FK_fw_group_x_link_cm_group_item_link]
ALTER TABLE [dbo].[fw_group_x_link] ADD 
	CONSTRAINT [FK_fw_group_x_link_cm_group_item_link] FOREIGN KEY 
	(
		[fgl_cgl_key]
	)REFERENCES [dbo].[cm_group_item_link](
		[cgl_key]
	)ON UPDATE NO ACTION ON DELETE CASCADE 

-- -Creating foreign key: [dbo].[fw_user_x_link].[FK_fw_user_x_link_cm_group_item_link]
ALTER TABLE [dbo].[fw_user_x_link] ADD 
	CONSTRAINT [FK_fw_user_x_link_cm_group_item_link] FOREIGN KEY 
	(
		[uxl_cgl_key]
	)REFERENCES [dbo].[cm_group_item_link](
		[cgl_key]
	)ON UPDATE NO ACTION ON DELETE NO ACTION 

-- -Creating foreign key: [dbo].[md_page_access].[FK_md_page_access_cm_group_item_link]
ALTER TABLE [dbo].[md_page_access] ADD 
	CONSTRAINT [FK_md_page_access_cm_group_item_link] FOREIGN KEY 
	(
		[mpa_cgl_key]
	)REFERENCES [dbo].[cm_group_item_link](
		[cgl_key]
	)ON UPDATE NO ACTION ON DELETE CASCADE 

-- -Creating foreign key: [dbo].[md_dynamic_form].[FK_md_dynamic_form_cm_group]
ALTER TABLE [dbo].[md_dynamic_form] ADD 
	CONSTRAINT [FK_md_dynamic_form_cm_group] FOREIGN KEY 
	(
		[dyn_cgr_key]
	)REFERENCES [dbo].[cm_group](
		[cgr_key]
	)ON UPDATE NO ACTION ON DELETE NO ACTION 

-- -Creating foreign key: [dbo].[md_object].[FK_md_object_cm_group]
ALTER TABLE [dbo].[md_object] ADD 
	CONSTRAINT [FK_md_object_cm_group] FOREIGN KEY 
	(
		[obj_cgr_key]
	)REFERENCES [dbo].[cm_group](
		[cgr_key]
	)ON UPDATE NO ACTION ON DELETE NO ACTION 


COMMIT TRANSACTION

