/**************************************************************************
-- -Generated by xSQL SDK for Data Comparison and Synchronization
-- -Date/Time: September 11, 2013 10:50:35

-- -Summary: Synchronization script that makes the content of the database sttitestsql01.avhost.ld.netFORUMSTTITEST 
    the same as the content of the database sttitestsql01.avhost.ld.netForumSTTIDev.

    BACKUP the database sttitestsql01.avhost.ld.netFORUMSTTITEST before running this script. 

-- -Action:  Execute this script on sttitestsql01.avhost.ld.netFORUMSTTITEST

-- -SQL Server version: 10.50.4000
**************************************************************************/

SET XACT_ABORT ON
SET ARITHABORT ON
SET NUMERIC_ROUNDABORT OFF


BEGIN TRANSACTION

DECLARE @error INT
DECLARE @ptrBinary varbinary(16)

-- -Dropping foreign key: [dbo].[cm_group_item].[FK_cm_group_item_cm_group]
ALTER TABLE [dbo].[cm_group_item] DROP CONSTRAINT [FK_cm_group_item_cm_group]

-- -Dropping foreign key: [dbo].[cm_group_item_link].[FK_cm_group_item_link_cm_group_item]
ALTER TABLE [dbo].[cm_group_item_link] DROP CONSTRAINT [FK_cm_group_item_link_cm_group_item]

-- -Dropping foreign key: [dbo].[cm_group_item_link].[FK_cm_group_item_link_cm_group_item1]
ALTER TABLE [dbo].[cm_group_item_link] DROP CONSTRAINT [FK_cm_group_item_link_cm_group_item1]

-- -Dropping foreign key: [dbo].[cm_group_item_link].[FK_cm_group_item_link_cm_group]
ALTER TABLE [dbo].[cm_group_item_link] DROP CONSTRAINT [FK_cm_group_item_link_cm_group]

-- -Dropping foreign key: [dbo].[cm_group_item_link].[FK_cm_group_item_link_md_dynamic_form]
ALTER TABLE [dbo].[cm_group_item_link] DROP CONSTRAINT [FK_cm_group_item_link_md_dynamic_form]

-- -Dropping foreign key: [dbo].[cm_group_item_link].[FK_cm_group_item_link_md_report]
ALTER TABLE [dbo].[cm_group_item_link] DROP CONSTRAINT [FK_cm_group_item_link_md_report]

-- -Dropping foreign key: [dbo].[cm_group_item_link].[FK_cm_group_item_link_md_wizard]
ALTER TABLE [dbo].[cm_group_item_link] DROP CONSTRAINT [FK_cm_group_item_link_md_wizard]

-- -Dropping foreign key: [dbo].[fw_group_x_link].[FK_fw_group_x_link_cm_group_item_link]
ALTER TABLE [dbo].[fw_group_x_link] DROP CONSTRAINT [FK_fw_group_x_link_cm_group_item_link]

-- -Dropping foreign key: [dbo].[fw_user_x_link].[FK_fw_user_x_link_cm_group_item_link]
ALTER TABLE [dbo].[fw_user_x_link] DROP CONSTRAINT [FK_fw_user_x_link_cm_group_item_link]

-- -Dropping foreign key: [dbo].[md_page_access].[FK_md_page_access_cm_group_item_link]
ALTER TABLE [dbo].[md_page_access] DROP CONSTRAINT [FK_md_page_access_cm_group_item_link]

-- -Dropping foreign key: [dbo].[md_dynamic_form].[FK_md_dynamic_form_cm_group]
ALTER TABLE [dbo].[md_dynamic_form] DROP CONSTRAINT [FK_md_dynamic_form_cm_group]

-- -Dropping foreign key: [dbo].[md_object].[FK_md_object_cm_group]
ALTER TABLE [dbo].[md_object] DROP CONSTRAINT [FK_md_object_cm_group]

-- --Table: [dbo].[cm_group_item]
-- --Insert
INSERT INTO [dbo].[cm_group_item] ([cgi_key], [cgi_cgr_key], [cgi_code], [cgi_description], [cgi_order], [cgi_add_date], [cgi_add_user], [cgi_change_date], [cgi_change_user], [cgi_delete_flag], [cgi_entity_key]) VALUES('e8a6c194-199a-4c3d-b614-cb93aabaa0ff', 'f87e6f4d-8fd9-4154-8c57-bb08426dce27', N'STTI Email Calendar', N'STTI Email Calendar', 1000000, '2013-08-26T16:51:41.000', N'SThompson_STTI', null, null, 1, null)


-- --Table: [dbo].[cm_group_item_link]
-- --Insert
INSERT INTO [dbo].[cm_group_item_link] ([cgl_key], [cgl_cgi_key], [cgl_cgr_key], [cgl_link_text], [cgl_link_path], [cgl_link_file], [cgl_link_param], [cgl_link_descr], [cgl_target_new], [cgl_order], [cgl_exclude_from_bar], [cgl_dynamic_form], [cgl_rpt_key], [cgl_wiz_key], [cgl_list_add_flag], [cgl_help_flag], [cgl_new_browser_flag], [cgl_add_date], [cgl_add_user], [cgl_change_date], [cgl_change_user], [cgl_delete_flag], [cgl_entity_key]) VALUES('45145293-6f00-4ec0-8b04-0768539f01ec', 'e8a6c194-199a-4c3d-b614-cb93aabaa0ff', 'f87e6f4d-8fd9-4154-8c57-bb08426dce27', N'List STTI Email Calendar', N'/forms', N'DynamicList.aspx', null, N'List STTI Email Calendar', 0, 20, 0, 'ca60a2cf-4b4e-4fc1-84ec-a3fe270a1df5', null, null, 0, 0, 0, '2013-08-26T16:51:41.000', N'SThompson_STTI', null, null, 0, null)
INSERT INTO [dbo].[cm_group_item_link] ([cgl_key], [cgl_cgi_key], [cgl_cgr_key], [cgl_link_text], [cgl_link_path], [cgl_link_file], [cgl_link_param], [cgl_link_descr], [cgl_target_new], [cgl_order], [cgl_exclude_from_bar], [cgl_dynamic_form], [cgl_rpt_key], [cgl_wiz_key], [cgl_list_add_flag], [cgl_help_flag], [cgl_new_browser_flag], [cgl_add_date], [cgl_add_user], [cgl_change_date], [cgl_change_user], [cgl_delete_flag], [cgl_entity_key]) VALUES('d3016651-8089-46e9-ae50-2914284b4090', 'e8a6c194-199a-4c3d-b614-cb93aabaa0ff', 'f87e6f4d-8fd9-4154-8c57-bb08426dce27', N'Add STTI Email Calendar', N'/forms', N'DynamicEdit.aspx', N'?Action=Add', N'Add STTI Email Calendar', 0, 30, 0, 'ca60a2cf-4b4e-4fc1-84ec-a3fe270a1df5', null, null, 1, 0, 0, '2013-08-26T16:51:41.000', N'SThompson_STTI', null, null, 0, null)
INSERT INTO [dbo].[cm_group_item_link] ([cgl_key], [cgl_cgi_key], [cgl_cgr_key], [cgl_link_text], [cgl_link_path], [cgl_link_file], [cgl_link_param], [cgl_link_descr], [cgl_target_new], [cgl_order], [cgl_exclude_from_bar], [cgl_dynamic_form], [cgl_rpt_key], [cgl_wiz_key], [cgl_list_add_flag], [cgl_help_flag], [cgl_new_browser_flag], [cgl_add_date], [cgl_add_user], [cgl_change_date], [cgl_change_user], [cgl_delete_flag], [cgl_entity_key]) VALUES('81f647bd-f353-4f33-9312-8f364df2af5d', 'e8a6c194-199a-4c3d-b614-cb93aabaa0ff', 'f87e6f4d-8fd9-4154-8c57-bb08426dce27', N'Query STTI Email Calendar', N'/forms', N'DynamicQuery.aspx', null, N'Query STTI Email Calendar', 0, 40, 0, 'ca60a2cf-4b4e-4fc1-84ec-a3fe270a1df5', null, null, 0, 0, 0, '2013-08-26T16:51:41.000', N'SThompson_STTI', null, null, 0, null)
INSERT INTO [dbo].[cm_group_item_link] ([cgl_key], [cgl_cgi_key], [cgl_cgr_key], [cgl_link_text], [cgl_link_path], [cgl_link_file], [cgl_link_param], [cgl_link_descr], [cgl_target_new], [cgl_order], [cgl_exclude_from_bar], [cgl_dynamic_form], [cgl_rpt_key], [cgl_wiz_key], [cgl_list_add_flag], [cgl_help_flag], [cgl_new_browser_flag], [cgl_add_date], [cgl_add_user], [cgl_change_date], [cgl_change_user], [cgl_delete_flag], [cgl_entity_key]) VALUES('279d4c5e-b407-4d33-a02b-8f4083d4286d', 'e8a6c194-199a-4c3d-b614-cb93aabaa0ff', 'f87e6f4d-8fd9-4154-8c57-bb08426dce27', N'Find STTI Email Calendar', N'/forms', N'DynamicSearch.aspx', null, N'Find STTI Email Calendar', 0, 10, 0, 'ca60a2cf-4b4e-4fc1-84ec-a3fe270a1df5', null, null, 0, 0, 0, '2013-08-26T16:51:41.000', N'SThompson_STTI', null, null, 1, null)


-- --Table: [dbo].[fw_group_x_link]
-- --Insert
INSERT INTO [dbo].[fw_group_x_link] ([fgl_key], [fgl_grp_code], [fgl_cgl_key], [fgl_add_date], [fgl_add_user], [fgl_change_date], [fgl_change_user], [fgl_delete_flag], [fgl_entity_key]) VALUES('9476d350-32b1-45d3-9725-72353c37eb6c', N'AvectraAdmin', '45145293-6f00-4ec0-8b04-0768539f01ec', '2013-08-26T16:52:00.000', N'AVHOST\svc-sttinf', null, null, 0, null)
INSERT INTO [dbo].[fw_group_x_link] ([fgl_key], [fgl_grp_code], [fgl_cgl_key], [fgl_add_date], [fgl_add_user], [fgl_change_date], [fgl_change_user], [fgl_delete_flag], [fgl_entity_key]) VALUES('e590a50d-f1d6-4455-8073-ae4dc2e89346', N'AvectraAdmin', 'd3016651-8089-46e9-ae50-2914284b4090', '2013-08-26T16:52:00.000', N'AVHOST\svc-sttinf', null, null, 0, null)
INSERT INTO [dbo].[fw_group_x_link] ([fgl_key], [fgl_grp_code], [fgl_cgl_key], [fgl_add_date], [fgl_add_user], [fgl_change_date], [fgl_change_user], [fgl_delete_flag], [fgl_entity_key]) VALUES('1e690029-7ac6-481a-a3e0-7692b2d3d6a0', N'AvectraAdmin', '81f647bd-f353-4f33-9312-8f364df2af5d', '2013-08-26T16:52:00.000', N'AVHOST\svc-sttinf', null, null, 0, null)
INSERT INTO [dbo].[fw_group_x_link] ([fgl_key], [fgl_grp_code], [fgl_cgl_key], [fgl_add_date], [fgl_add_user], [fgl_change_date], [fgl_change_user], [fgl_delete_flag], [fgl_entity_key]) VALUES('b73c1b22-6c98-4af0-a0bd-f34bd8430e48', N'AvectraAdmin', '279d4c5e-b407-4d33-a02b-8f4083d4286d', '2013-08-26T16:52:00.000', N'AVHOST\svc-sttinf', null, null, 0, null)
INSERT INTO [dbo].[fw_group_x_link] ([fgl_key], [fgl_grp_code], [fgl_cgl_key], [fgl_add_date], [fgl_add_user], [fgl_change_date], [fgl_change_user], [fgl_delete_flag], [fgl_entity_key]) VALUES('60ada10e-657f-49d7-aeb9-0d02eae4514b', N'AvectraDev', '45145293-6f00-4ec0-8b04-0768539f01ec', '2013-08-26T16:52:00.000', N'AVHOST\svc-sttinf', null, null, 0, null)
INSERT INTO [dbo].[fw_group_x_link] ([fgl_key], [fgl_grp_code], [fgl_cgl_key], [fgl_add_date], [fgl_add_user], [fgl_change_date], [fgl_change_user], [fgl_delete_flag], [fgl_entity_key]) VALUES('1490506f-26bc-45c3-9549-c40482f9a06e', N'AvectraDev', 'd3016651-8089-46e9-ae50-2914284b4090', '2013-08-26T16:52:00.000', N'AVHOST\svc-sttinf', null, null, 0, null)
INSERT INTO [dbo].[fw_group_x_link] ([fgl_key], [fgl_grp_code], [fgl_cgl_key], [fgl_add_date], [fgl_add_user], [fgl_change_date], [fgl_change_user], [fgl_delete_flag], [fgl_entity_key]) VALUES('9c78910b-4cad-442f-813f-8cb4c1948b4b', N'AvectraDev', '81f647bd-f353-4f33-9312-8f364df2af5d', '2013-08-26T16:52:00.000', N'AVHOST\svc-sttinf', null, null, 0, null)
INSERT INTO [dbo].[fw_group_x_link] ([fgl_key], [fgl_grp_code], [fgl_cgl_key], [fgl_add_date], [fgl_add_user], [fgl_change_date], [fgl_change_user], [fgl_delete_flag], [fgl_entity_key]) VALUES('54571423-5eec-4ca9-8201-3bcfaa6f1997', N'AvectraDev', '279d4c5e-b407-4d33-a02b-8f4083d4286d', '2013-08-26T16:52:00.000', N'AVHOST\svc-sttinf', null, null, 0, null)
INSERT INTO [dbo].[fw_group_x_link] ([fgl_key], [fgl_grp_code], [fgl_cgl_key], [fgl_add_date], [fgl_add_user], [fgl_change_date], [fgl_change_user], [fgl_delete_flag], [fgl_entity_key]) VALUES('0bd06535-e2c7-4686-85c3-af1c34b9dd29', N'AvectraTesting', '45145293-6f00-4ec0-8b04-0768539f01ec', '2013-08-26T16:52:00.000', N'AVHOST\svc-sttinf', null, null, 0, null)
INSERT INTO [dbo].[fw_group_x_link] ([fgl_key], [fgl_grp_code], [fgl_cgl_key], [fgl_add_date], [fgl_add_user], [fgl_change_date], [fgl_change_user], [fgl_delete_flag], [fgl_entity_key]) VALUES('66f3a1ae-bb09-4429-bf5f-d6468a7262c2', N'AvectraTesting', 'd3016651-8089-46e9-ae50-2914284b4090', '2013-08-26T16:52:00.000', N'AVHOST\svc-sttinf', null, null, 0, null)
INSERT INTO [dbo].[fw_group_x_link] ([fgl_key], [fgl_grp_code], [fgl_cgl_key], [fgl_add_date], [fgl_add_user], [fgl_change_date], [fgl_change_user], [fgl_delete_flag], [fgl_entity_key]) VALUES('5ca542f0-3bb1-496e-8956-7081271935ec', N'AvectraTesting', '81f647bd-f353-4f33-9312-8f364df2af5d', '2013-08-26T16:52:00.000', N'AVHOST\svc-sttinf', null, null, 0, null)
INSERT INTO [dbo].[fw_group_x_link] ([fgl_key], [fgl_grp_code], [fgl_cgl_key], [fgl_add_date], [fgl_add_user], [fgl_change_date], [fgl_change_user], [fgl_delete_flag], [fgl_entity_key]) VALUES('a1dd3969-57af-48e5-a53d-12c0936b1caf', N'AvectraTesting', '279d4c5e-b407-4d33-a02b-8f4083d4286d', '2013-08-26T16:52:00.000', N'AVHOST\svc-sttinf', null, null, 0, null)
INSERT INTO [dbo].[fw_group_x_link] ([fgl_key], [fgl_grp_code], [fgl_cgl_key], [fgl_add_date], [fgl_add_user], [fgl_change_date], [fgl_change_user], [fgl_delete_flag], [fgl_entity_key]) VALUES('a181fb0a-030a-4ad6-bcf5-b2272ec398a4', N'BatchUser', '45145293-6f00-4ec0-8b04-0768539f01ec', '2013-08-26T16:52:00.000', N'AVHOST\svc-sttinf', null, null, 0, null)
INSERT INTO [dbo].[fw_group_x_link] ([fgl_key], [fgl_grp_code], [fgl_cgl_key], [fgl_add_date], [fgl_add_user], [fgl_change_date], [fgl_change_user], [fgl_delete_flag], [fgl_entity_key]) VALUES('cd865cf2-6acd-475e-963d-1aa0a4a84506', N'BatchUser', 'd3016651-8089-46e9-ae50-2914284b4090', '2013-08-26T16:52:00.000', N'AVHOST\svc-sttinf', null, null, 0, null)
INSERT INTO [dbo].[fw_group_x_link] ([fgl_key], [fgl_grp_code], [fgl_cgl_key], [fgl_add_date], [fgl_add_user], [fgl_change_date], [fgl_change_user], [fgl_delete_flag], [fgl_entity_key]) VALUES('358a60c2-6dd7-4a09-81fa-7a08edc78695', N'BatchUser', '81f647bd-f353-4f33-9312-8f364df2af5d', '2013-08-26T16:52:00.000', N'AVHOST\svc-sttinf', null, null, 0, null)
INSERT INTO [dbo].[fw_group_x_link] ([fgl_key], [fgl_grp_code], [fgl_cgl_key], [fgl_add_date], [fgl_add_user], [fgl_change_date], [fgl_change_user], [fgl_delete_flag], [fgl_entity_key]) VALUES('229b467c-424d-42dd-8cc5-43862b77d2f3', N'BatchUser', '279d4c5e-b407-4d33-a02b-8f4083d4286d', '2013-08-26T16:52:00.000', N'AVHOST\svc-sttinf', null, null, 0, null)
INSERT INTO [dbo].[fw_group_x_link] ([fgl_key], [fgl_grp_code], [fgl_cgl_key], [fgl_add_date], [fgl_add_user], [fgl_change_date], [fgl_change_user], [fgl_delete_flag], [fgl_entity_key]) VALUES('709ccfe5-80de-4a19-b305-334047c5b6c8', N'Event Manager', '45145293-6f00-4ec0-8b04-0768539f01ec', '2013-08-26T16:52:00.000', N'AVHOST\svc-sttinf', null, null, 0, null)
INSERT INTO [dbo].[fw_group_x_link] ([fgl_key], [fgl_grp_code], [fgl_cgl_key], [fgl_add_date], [fgl_add_user], [fgl_change_date], [fgl_change_user], [fgl_delete_flag], [fgl_entity_key]) VALUES('7db78629-2f52-470d-ba10-fe47dcece7cd', N'Event Manager', 'd3016651-8089-46e9-ae50-2914284b4090', '2013-08-26T16:52:00.000', N'AVHOST\svc-sttinf', null, null, 0, null)
INSERT INTO [dbo].[fw_group_x_link] ([fgl_key], [fgl_grp_code], [fgl_cgl_key], [fgl_add_date], [fgl_add_user], [fgl_change_date], [fgl_change_user], [fgl_delete_flag], [fgl_entity_key]) VALUES('cbc23902-6c4e-40c6-b5bb-b6e84be391ff', N'Event Manager', '81f647bd-f353-4f33-9312-8f364df2af5d', '2013-08-26T16:52:00.000', N'AVHOST\svc-sttinf', null, null, 0, null)
INSERT INTO [dbo].[fw_group_x_link] ([fgl_key], [fgl_grp_code], [fgl_cgl_key], [fgl_add_date], [fgl_add_user], [fgl_change_date], [fgl_change_user], [fgl_delete_flag], [fgl_entity_key]) VALUES('915b7a44-4737-4726-ab28-b1e144d012dd', N'Event Manager', '279d4c5e-b407-4d33-a02b-8f4083d4286d', '2013-08-26T16:52:00.000', N'AVHOST\svc-sttinf', null, null, 0, null)
INSERT INTO [dbo].[fw_group_x_link] ([fgl_key], [fgl_grp_code], [fgl_cgl_key], [fgl_add_date], [fgl_add_user], [fgl_change_date], [fgl_change_user], [fgl_delete_flag], [fgl_entity_key]) VALUES('15e54cfa-d068-411e-a06e-f9534e0fa109', N'Event Staff', '45145293-6f00-4ec0-8b04-0768539f01ec', '2013-08-26T16:52:00.000', N'AVHOST\svc-sttinf', null, null, 0, null)
INSERT INTO [dbo].[fw_group_x_link] ([fgl_key], [fgl_grp_code], [fgl_cgl_key], [fgl_add_date], [fgl_add_user], [fgl_change_date], [fgl_change_user], [fgl_delete_flag], [fgl_entity_key]) VALUES('ebab7ecc-8248-4861-bdf0-a8e8a075fd0c', N'Event Staff', 'd3016651-8089-46e9-ae50-2914284b4090', '2013-08-26T16:52:00.000', N'AVHOST\svc-sttinf', null, null, 0, null)
INSERT INTO [dbo].[fw_group_x_link] ([fgl_key], [fgl_grp_code], [fgl_cgl_key], [fgl_add_date], [fgl_add_user], [fgl_change_date], [fgl_change_user], [fgl_delete_flag], [fgl_entity_key]) VALUES('adb87f34-6df7-4528-ac21-33253699064f', N'Event Staff', '81f647bd-f353-4f33-9312-8f364df2af5d', '2013-08-26T16:52:00.000', N'AVHOST\svc-sttinf', null, null, 0, null)
INSERT INTO [dbo].[fw_group_x_link] ([fgl_key], [fgl_grp_code], [fgl_cgl_key], [fgl_add_date], [fgl_add_user], [fgl_change_date], [fgl_change_user], [fgl_delete_flag], [fgl_entity_key]) VALUES('ffbb2fbf-e421-47b5-a42f-eb7e356a721f', N'Event Staff', '279d4c5e-b407-4d33-a02b-8f4083d4286d', '2013-08-26T16:52:00.000', N'AVHOST\svc-sttinf', null, null, 0, null)
INSERT INTO [dbo].[fw_group_x_link] ([fgl_key], [fgl_grp_code], [fgl_cgl_key], [fgl_add_date], [fgl_add_user], [fgl_change_date], [fgl_change_user], [fgl_delete_flag], [fgl_entity_key]) VALUES('58d4ea61-482d-4236-9770-4ff4fd82b368', N'netFORUMAdmin', '45145293-6f00-4ec0-8b04-0768539f01ec', '2013-08-26T16:52:00.000', N'AVHOST\svc-sttinf', null, null, 0, null)
INSERT INTO [dbo].[fw_group_x_link] ([fgl_key], [fgl_grp_code], [fgl_cgl_key], [fgl_add_date], [fgl_add_user], [fgl_change_date], [fgl_change_user], [fgl_delete_flag], [fgl_entity_key]) VALUES('8c27b9b1-7208-459a-9170-3ed3f92ddfce', N'netFORUMAdmin', 'd3016651-8089-46e9-ae50-2914284b4090', '2013-08-26T16:52:00.000', N'AVHOST\svc-sttinf', null, null, 0, null)
INSERT INTO [dbo].[fw_group_x_link] ([fgl_key], [fgl_grp_code], [fgl_cgl_key], [fgl_add_date], [fgl_add_user], [fgl_change_date], [fgl_change_user], [fgl_delete_flag], [fgl_entity_key]) VALUES('5262d277-76c1-4afd-9ee4-192a5cea0015', N'netFORUMAdmin', '81f647bd-f353-4f33-9312-8f364df2af5d', '2013-08-26T16:52:00.000', N'AVHOST\svc-sttinf', null, null, 0, null)
INSERT INTO [dbo].[fw_group_x_link] ([fgl_key], [fgl_grp_code], [fgl_cgl_key], [fgl_add_date], [fgl_add_user], [fgl_change_date], [fgl_change_user], [fgl_delete_flag], [fgl_entity_key]) VALUES('c0ec8e74-7ccf-4f8d-a09e-8f4de97f9e3e', N'netFORUMAdmin', '279d4c5e-b407-4d33-a02b-8f4083d4286d', '2013-08-26T16:52:00.000', N'AVHOST\svc-sttinf', null, null, 0, null)
INSERT INTO [dbo].[fw_group_x_link] ([fgl_key], [fgl_grp_code], [fgl_cgl_key], [fgl_add_date], [fgl_add_user], [fgl_change_date], [fgl_change_user], [fgl_delete_flag], [fgl_entity_key]) VALUES('56f3c422-7884-4724-ae6c-7b13483cd936', N'netFORUMCMS', '45145293-6f00-4ec0-8b04-0768539f01ec', '2013-08-26T16:52:00.000', N'AVHOST\svc-sttinf', null, null, 0, null)
INSERT INTO [dbo].[fw_group_x_link] ([fgl_key], [fgl_grp_code], [fgl_cgl_key], [fgl_add_date], [fgl_add_user], [fgl_change_date], [fgl_change_user], [fgl_delete_flag], [fgl_entity_key]) VALUES('a9a3a51f-3cae-4372-8fe9-c366a95fce43', N'netFORUMCMS', 'd3016651-8089-46e9-ae50-2914284b4090', '2013-08-26T16:52:00.000', N'AVHOST\svc-sttinf', null, null, 0, null)
INSERT INTO [dbo].[fw_group_x_link] ([fgl_key], [fgl_grp_code], [fgl_cgl_key], [fgl_add_date], [fgl_add_user], [fgl_change_date], [fgl_change_user], [fgl_delete_flag], [fgl_entity_key]) VALUES('ea2182ce-cc6b-45af-b0e4-9fa435eadab4', N'netFORUMCMS', '81f647bd-f353-4f33-9312-8f364df2af5d', '2013-08-26T16:52:00.000', N'AVHOST\svc-sttinf', null, null, 0, null)
INSERT INTO [dbo].[fw_group_x_link] ([fgl_key], [fgl_grp_code], [fgl_cgl_key], [fgl_add_date], [fgl_add_user], [fgl_change_date], [fgl_change_user], [fgl_delete_flag], [fgl_entity_key]) VALUES('0a2793d1-700b-4c75-abd3-9c6be59ae1da', N'netFORUMCMS', '279d4c5e-b407-4d33-a02b-8f4083d4286d', '2013-08-26T16:52:00.000', N'AVHOST\svc-sttinf', null, null, 0, null)
INSERT INTO [dbo].[fw_group_x_link] ([fgl_key], [fgl_grp_code], [fgl_cgl_key], [fgl_add_date], [fgl_add_user], [fgl_change_date], [fgl_change_user], [fgl_delete_flag], [fgl_entity_key]) VALUES('a1fb5010-364f-4ce8-97ea-1634d8b30237', N'netFORUMCMSApprover', '45145293-6f00-4ec0-8b04-0768539f01ec', '2013-08-26T16:52:00.000', N'AVHOST\svc-sttinf', null, null, 0, null)
INSERT INTO [dbo].[fw_group_x_link] ([fgl_key], [fgl_grp_code], [fgl_cgl_key], [fgl_add_date], [fgl_add_user], [fgl_change_date], [fgl_change_user], [fgl_delete_flag], [fgl_entity_key]) VALUES('78584da0-450e-4011-bd26-814d544afaeb', N'netFORUMCMSApprover', 'd3016651-8089-46e9-ae50-2914284b4090', '2013-08-26T16:52:00.000', N'AVHOST\svc-sttinf', null, null, 0, null)
INSERT INTO [dbo].[fw_group_x_link] ([fgl_key], [fgl_grp_code], [fgl_cgl_key], [fgl_add_date], [fgl_add_user], [fgl_change_date], [fgl_change_user], [fgl_delete_flag], [fgl_entity_key]) VALUES('579d70dc-75c4-4751-9667-275062c37d5e', N'netFORUMCMSApprover', '81f647bd-f353-4f33-9312-8f364df2af5d', '2013-08-26T16:52:00.000', N'AVHOST\svc-sttinf', null, null, 0, null)
INSERT INTO [dbo].[fw_group_x_link] ([fgl_key], [fgl_grp_code], [fgl_cgl_key], [fgl_add_date], [fgl_add_user], [fgl_change_date], [fgl_change_user], [fgl_delete_flag], [fgl_entity_key]) VALUES('41cb4b53-a0db-4d4f-8720-176eaaa7fbe3', N'netFORUMCMSApprover', '279d4c5e-b407-4d33-a02b-8f4083d4286d', '2013-08-26T16:52:00.000', N'AVHOST\svc-sttinf', null, null, 0, null)
INSERT INTO [dbo].[fw_group_x_link] ([fgl_key], [fgl_grp_code], [fgl_cgl_key], [fgl_add_date], [fgl_add_user], [fgl_change_date], [fgl_change_user], [fgl_delete_flag], [fgl_entity_key]) VALUES('bc596a7b-9f8f-4d8e-a677-2e3ebc68eebc', N'netFORUMCMSPublisher', '45145293-6f00-4ec0-8b04-0768539f01ec', '2013-08-26T16:52:00.000', N'AVHOST\svc-sttinf', null, null, 0, null)
INSERT INTO [dbo].[fw_group_x_link] ([fgl_key], [fgl_grp_code], [fgl_cgl_key], [fgl_add_date], [fgl_add_user], [fgl_change_date], [fgl_change_user], [fgl_delete_flag], [fgl_entity_key]) VALUES('00d44ca6-594e-47e0-a5e8-e8a2101cc64b', N'netFORUMCMSPublisher', 'd3016651-8089-46e9-ae50-2914284b4090', '2013-08-26T16:52:00.000', N'AVHOST\svc-sttinf', null, null, 0, null)
INSERT INTO [dbo].[fw_group_x_link] ([fgl_key], [fgl_grp_code], [fgl_cgl_key], [fgl_add_date], [fgl_add_user], [fgl_change_date], [fgl_change_user], [fgl_delete_flag], [fgl_entity_key]) VALUES('c2929ff9-08a0-4df3-9ca5-5f1e4c68535a', N'netFORUMCMSPublisher', '81f647bd-f353-4f33-9312-8f364df2af5d', '2013-08-26T16:52:00.000', N'AVHOST\svc-sttinf', null, null, 0, null)
INSERT INTO [dbo].[fw_group_x_link] ([fgl_key], [fgl_grp_code], [fgl_cgl_key], [fgl_add_date], [fgl_add_user], [fgl_change_date], [fgl_change_user], [fgl_delete_flag], [fgl_entity_key]) VALUES('d8fc96fa-dd00-452c-a7a5-f229d323be63', N'netFORUMCMSPublisher', '279d4c5e-b407-4d33-a02b-8f4083d4286d', '2013-08-26T16:52:00.000', N'AVHOST\svc-sttinf', null, null, 0, null)
INSERT INTO [dbo].[fw_group_x_link] ([fgl_key], [fgl_grp_code], [fgl_cgl_key], [fgl_add_date], [fgl_add_user], [fgl_change_date], [fgl_change_user], [fgl_delete_flag], [fgl_entity_key]) VALUES('35a2d6d0-b7af-4180-b816-e41aabfcc69a', N'netFORUMCMSWriter', '45145293-6f00-4ec0-8b04-0768539f01ec', '2013-08-26T16:52:00.000', N'AVHOST\svc-sttinf', null, null, 0, null)
INSERT INTO [dbo].[fw_group_x_link] ([fgl_key], [fgl_grp_code], [fgl_cgl_key], [fgl_add_date], [fgl_add_user], [fgl_change_date], [fgl_change_user], [fgl_delete_flag], [fgl_entity_key]) VALUES('bc36928c-08ef-4fdc-b139-c5914a63fd3e', N'netFORUMCMSWriter', 'd3016651-8089-46e9-ae50-2914284b4090', '2013-08-26T16:52:00.000', N'AVHOST\svc-sttinf', null, null, 0, null)
INSERT INTO [dbo].[fw_group_x_link] ([fgl_key], [fgl_grp_code], [fgl_cgl_key], [fgl_add_date], [fgl_add_user], [fgl_change_date], [fgl_change_user], [fgl_delete_flag], [fgl_entity_key]) VALUES('329c5372-e1d8-4ab5-92f2-0cb3ef2cc36a', N'netFORUMCMSWriter', '81f647bd-f353-4f33-9312-8f364df2af5d', '2013-08-26T16:52:00.000', N'AVHOST\svc-sttinf', null, null, 0, null)
INSERT INTO [dbo].[fw_group_x_link] ([fgl_key], [fgl_grp_code], [fgl_cgl_key], [fgl_add_date], [fgl_add_user], [fgl_change_date], [fgl_change_user], [fgl_delete_flag], [fgl_entity_key]) VALUES('0b71ee5d-9d35-49a8-a331-f6ecba6b79cb', N'netFORUMCMSWriter', '279d4c5e-b407-4d33-a02b-8f4083d4286d', '2013-08-26T16:52:00.000', N'AVHOST\svc-sttinf', null, null, 0, null)
INSERT INTO [dbo].[fw_group_x_link] ([fgl_key], [fgl_grp_code], [fgl_cgl_key], [fgl_add_date], [fgl_add_user], [fgl_change_date], [fgl_change_user], [fgl_delete_flag], [fgl_entity_key]) VALUES('673f6fa3-02e3-407e-90ff-386fde543c57', N'netFORUMReport', '45145293-6f00-4ec0-8b04-0768539f01ec', '2013-08-26T16:52:00.000', N'AVHOST\svc-sttinf', null, null, 0, null)
INSERT INTO [dbo].[fw_group_x_link] ([fgl_key], [fgl_grp_code], [fgl_cgl_key], [fgl_add_date], [fgl_add_user], [fgl_change_date], [fgl_change_user], [fgl_delete_flag], [fgl_entity_key]) VALUES('33a7833a-c9a0-4d7c-b936-8687c3790e33', N'netFORUMReport', 'd3016651-8089-46e9-ae50-2914284b4090', '2013-08-26T16:52:00.000', N'AVHOST\svc-sttinf', null, null, 0, null)
INSERT INTO [dbo].[fw_group_x_link] ([fgl_key], [fgl_grp_code], [fgl_cgl_key], [fgl_add_date], [fgl_add_user], [fgl_change_date], [fgl_change_user], [fgl_delete_flag], [fgl_entity_key]) VALUES('3346216d-87e3-4851-a05b-9952ac2cf0c3', N'netFORUMReport', '81f647bd-f353-4f33-9312-8f364df2af5d', '2013-08-26T16:52:00.000', N'AVHOST\svc-sttinf', null, null, 0, null)
INSERT INTO [dbo].[fw_group_x_link] ([fgl_key], [fgl_grp_code], [fgl_cgl_key], [fgl_add_date], [fgl_add_user], [fgl_change_date], [fgl_change_user], [fgl_delete_flag], [fgl_entity_key]) VALUES('027d9844-5434-4d7a-bb34-fb66867661d7', N'netFORUMReport', '279d4c5e-b407-4d33-a02b-8f4083d4286d', '2013-08-26T16:52:00.000', N'AVHOST\svc-sttinf', null, null, 0, null)
INSERT INTO [dbo].[fw_group_x_link] ([fgl_key], [fgl_grp_code], [fgl_cgl_key], [fgl_add_date], [fgl_add_user], [fgl_change_date], [fgl_change_user], [fgl_delete_flag], [fgl_entity_key]) VALUES('2d88a574-d378-40fd-8190-494af5bedf94', N'netFORUMUser', '45145293-6f00-4ec0-8b04-0768539f01ec', '2013-08-26T16:52:00.000', N'AVHOST\svc-sttinf', null, null, 0, null)
INSERT INTO [dbo].[fw_group_x_link] ([fgl_key], [fgl_grp_code], [fgl_cgl_key], [fgl_add_date], [fgl_add_user], [fgl_change_date], [fgl_change_user], [fgl_delete_flag], [fgl_entity_key]) VALUES('d8d44818-a05e-4842-ab34-d72383c76aa6', N'netFORUMUser', 'd3016651-8089-46e9-ae50-2914284b4090', '2013-08-26T16:52:00.000', N'AVHOST\svc-sttinf', null, null, 0, null)
INSERT INTO [dbo].[fw_group_x_link] ([fgl_key], [fgl_grp_code], [fgl_cgl_key], [fgl_add_date], [fgl_add_user], [fgl_change_date], [fgl_change_user], [fgl_delete_flag], [fgl_entity_key]) VALUES('761d1b4c-9ead-4763-a84f-85bb334fd26d', N'netFORUMUser', '81f647bd-f353-4f33-9312-8f364df2af5d', '2013-08-26T16:52:00.000', N'AVHOST\svc-sttinf', null, null, 0, null)
INSERT INTO [dbo].[fw_group_x_link] ([fgl_key], [fgl_grp_code], [fgl_cgl_key], [fgl_add_date], [fgl_add_user], [fgl_change_date], [fgl_change_user], [fgl_delete_flag], [fgl_entity_key]) VALUES('57b8d8a3-b832-4dd3-b907-8cf620a89abb', N'netFORUMUser', '279d4c5e-b407-4d33-a02b-8f4083d4286d', '2013-08-26T16:52:00.000', N'AVHOST\svc-sttinf', null, null, 0, null)
INSERT INTO [dbo].[fw_group_x_link] ([fgl_key], [fgl_grp_code], [fgl_cgl_key], [fgl_add_date], [fgl_add_user], [fgl_change_date], [fgl_change_user], [fgl_delete_flag], [fgl_entity_key]) VALUES('2d709462-0e76-4cc4-97fb-5b3345334e51', N'New Event Staff', '45145293-6f00-4ec0-8b04-0768539f01ec', '2013-08-26T16:52:00.000', N'AVHOST\svc-sttinf', null, null, 0, null)
INSERT INTO [dbo].[fw_group_x_link] ([fgl_key], [fgl_grp_code], [fgl_cgl_key], [fgl_add_date], [fgl_add_user], [fgl_change_date], [fgl_change_user], [fgl_delete_flag], [fgl_entity_key]) VALUES('02a185f8-00c9-4782-b946-b3840171c381', N'New Event Staff', 'd3016651-8089-46e9-ae50-2914284b4090', '2013-08-26T16:52:00.000', N'AVHOST\svc-sttinf', null, null, 0, null)
INSERT INTO [dbo].[fw_group_x_link] ([fgl_key], [fgl_grp_code], [fgl_cgl_key], [fgl_add_date], [fgl_add_user], [fgl_change_date], [fgl_change_user], [fgl_delete_flag], [fgl_entity_key]) VALUES('9d0efe26-cd8b-4062-a942-9039f007f28a', N'New Event Staff', '81f647bd-f353-4f33-9312-8f364df2af5d', '2013-08-26T16:52:00.000', N'AVHOST\svc-sttinf', null, null, 0, null)
INSERT INTO [dbo].[fw_group_x_link] ([fgl_key], [fgl_grp_code], [fgl_cgl_key], [fgl_add_date], [fgl_add_user], [fgl_change_date], [fgl_change_user], [fgl_delete_flag], [fgl_entity_key]) VALUES('6839eacd-33d3-474b-bad6-b37189f92193', N'New Event Staff', '279d4c5e-b407-4d33-a02b-8f4083d4286d', '2013-08-26T16:52:00.000', N'AVHOST\svc-sttinf', null, null, 0, null)
INSERT INTO [dbo].[fw_group_x_link] ([fgl_key], [fgl_grp_code], [fgl_cgl_key], [fgl_add_date], [fgl_add_user], [fgl_change_date], [fgl_change_user], [fgl_delete_flag], [fgl_entity_key]) VALUES('2be67352-65d6-4dbf-bb31-762dcc7e71b1', N'onDemandUsers', '45145293-6f00-4ec0-8b04-0768539f01ec', '2013-08-26T16:52:00.000', N'AVHOST\svc-sttinf', null, null, 0, null)
INSERT INTO [dbo].[fw_group_x_link] ([fgl_key], [fgl_grp_code], [fgl_cgl_key], [fgl_add_date], [fgl_add_user], [fgl_change_date], [fgl_change_user], [fgl_delete_flag], [fgl_entity_key]) VALUES('7b3a5dc6-c162-4dd2-ba85-277044b0142d', N'onDemandUsers', 'd3016651-8089-46e9-ae50-2914284b4090', '2013-08-26T16:52:00.000', N'AVHOST\svc-sttinf', null, null, 0, null)
INSERT INTO [dbo].[fw_group_x_link] ([fgl_key], [fgl_grp_code], [fgl_cgl_key], [fgl_add_date], [fgl_add_user], [fgl_change_date], [fgl_change_user], [fgl_delete_flag], [fgl_entity_key]) VALUES('fecd5be2-7314-4765-9679-874d49290e03', N'onDemandUsers', '81f647bd-f353-4f33-9312-8f364df2af5d', '2013-08-26T16:52:00.000', N'AVHOST\svc-sttinf', null, null, 0, null)
INSERT INTO [dbo].[fw_group_x_link] ([fgl_key], [fgl_grp_code], [fgl_cgl_key], [fgl_add_date], [fgl_add_user], [fgl_change_date], [fgl_change_user], [fgl_delete_flag], [fgl_entity_key]) VALUES('1ee2becd-e8da-42a7-a04f-c6cd8fc0e0db', N'onDemandUsers', '279d4c5e-b407-4d33-a02b-8f4083d4286d', '2013-08-26T16:52:00.000', N'AVHOST\svc-sttinf', null, null, 0, null)
INSERT INTO [dbo].[fw_group_x_link] ([fgl_key], [fgl_grp_code], [fgl_cgl_key], [fgl_add_date], [fgl_add_user], [fgl_change_date], [fgl_change_user], [fgl_delete_flag], [fgl_entity_key]) VALUES('9ef796b0-2925-4129-a624-4fa2573d2a9d', N'SecurityTestGroup', '45145293-6f00-4ec0-8b04-0768539f01ec', '2013-08-26T16:52:00.000', N'AVHOST\svc-sttinf', null, null, 0, null)
INSERT INTO [dbo].[fw_group_x_link] ([fgl_key], [fgl_grp_code], [fgl_cgl_key], [fgl_add_date], [fgl_add_user], [fgl_change_date], [fgl_change_user], [fgl_delete_flag], [fgl_entity_key]) VALUES('6d24e04e-7130-4d0a-8488-900d2d083048', N'SecurityTestGroup', 'd3016651-8089-46e9-ae50-2914284b4090', '2013-08-26T16:52:00.000', N'AVHOST\svc-sttinf', null, null, 0, null)
INSERT INTO [dbo].[fw_group_x_link] ([fgl_key], [fgl_grp_code], [fgl_cgl_key], [fgl_add_date], [fgl_add_user], [fgl_change_date], [fgl_change_user], [fgl_delete_flag], [fgl_entity_key]) VALUES('8dde28f9-8adf-4f8a-b6e3-f4f51d94c39f', N'SecurityTestGroup', '81f647bd-f353-4f33-9312-8f364df2af5d', '2013-08-26T16:52:00.000', N'AVHOST\svc-sttinf', null, null, 0, null)
INSERT INTO [dbo].[fw_group_x_link] ([fgl_key], [fgl_grp_code], [fgl_cgl_key], [fgl_add_date], [fgl_add_user], [fgl_change_date], [fgl_change_user], [fgl_delete_flag], [fgl_entity_key]) VALUES('6ae46f0a-60d4-4b4a-b80f-c4fd2816d043', N'SecurityTestGroup', '279d4c5e-b407-4d33-a02b-8f4083d4286d', '2013-08-26T16:52:00.000', N'AVHOST\svc-sttinf', null, null, 0, null)
INSERT INTO [dbo].[fw_group_x_link] ([fgl_key], [fgl_grp_code], [fgl_cgl_key], [fgl_add_date], [fgl_add_user], [fgl_change_date], [fgl_change_user], [fgl_delete_flag], [fgl_entity_key]) VALUES('45f2234e-97f9-40a1-9a7c-8603bc958c27', N'Support', '45145293-6f00-4ec0-8b04-0768539f01ec', '2013-08-26T16:52:00.000', N'AVHOST\svc-sttinf', null, null, 0, null)
INSERT INTO [dbo].[fw_group_x_link] ([fgl_key], [fgl_grp_code], [fgl_cgl_key], [fgl_add_date], [fgl_add_user], [fgl_change_date], [fgl_change_user], [fgl_delete_flag], [fgl_entity_key]) VALUES('9edae7f4-29b7-4fa9-a9d5-0dc872f42037', N'Support', 'd3016651-8089-46e9-ae50-2914284b4090', '2013-08-26T16:52:00.000', N'AVHOST\svc-sttinf', null, null, 0, null)
INSERT INTO [dbo].[fw_group_x_link] ([fgl_key], [fgl_grp_code], [fgl_cgl_key], [fgl_add_date], [fgl_add_user], [fgl_change_date], [fgl_change_user], [fgl_delete_flag], [fgl_entity_key]) VALUES('b522b3a4-d2ff-451e-acc3-c55913514bf8', N'Support', '81f647bd-f353-4f33-9312-8f364df2af5d', '2013-08-26T16:52:00.000', N'AVHOST\svc-sttinf', null, null, 0, null)
INSERT INTO [dbo].[fw_group_x_link] ([fgl_key], [fgl_grp_code], [fgl_cgl_key], [fgl_add_date], [fgl_add_user], [fgl_change_date], [fgl_change_user], [fgl_delete_flag], [fgl_entity_key]) VALUES('46f583fe-dd71-4269-87cd-5bc9ffa05bc5', N'Support', '279d4c5e-b407-4d33-a02b-8f4083d4286d', '2013-08-26T16:52:00.000', N'AVHOST\svc-sttinf', null, null, 0, null)
INSERT INTO [dbo].[fw_group_x_link] ([fgl_key], [fgl_grp_code], [fgl_cgl_key], [fgl_add_date], [fgl_add_user], [fgl_change_date], [fgl_change_user], [fgl_delete_flag], [fgl_entity_key]) VALUES('4ceba6b3-0aaf-453f-888e-f5034080b9a5', N'TestGroup', '45145293-6f00-4ec0-8b04-0768539f01ec', '2013-08-26T16:52:00.000', N'AVHOST\svc-sttinf', null, null, 0, null)
INSERT INTO [dbo].[fw_group_x_link] ([fgl_key], [fgl_grp_code], [fgl_cgl_key], [fgl_add_date], [fgl_add_user], [fgl_change_date], [fgl_change_user], [fgl_delete_flag], [fgl_entity_key]) VALUES('b291a4a0-4fab-40f5-add4-c47a012c614e', N'TestGroup', 'd3016651-8089-46e9-ae50-2914284b4090', '2013-08-26T16:52:00.000', N'AVHOST\svc-sttinf', null, null, 0, null)
INSERT INTO [dbo].[fw_group_x_link] ([fgl_key], [fgl_grp_code], [fgl_cgl_key], [fgl_add_date], [fgl_add_user], [fgl_change_date], [fgl_change_user], [fgl_delete_flag], [fgl_entity_key]) VALUES('894ec5a2-a0dc-4b79-bb6f-850dbeb06beb', N'TestGroup', '81f647bd-f353-4f33-9312-8f364df2af5d', '2013-08-26T16:52:00.000', N'AVHOST\svc-sttinf', null, null, 0, null)
INSERT INTO [dbo].[fw_group_x_link] ([fgl_key], [fgl_grp_code], [fgl_cgl_key], [fgl_add_date], [fgl_add_user], [fgl_change_date], [fgl_change_user], [fgl_delete_flag], [fgl_entity_key]) VALUES('b3acd193-047a-4b4c-ac93-67256dc960d3', N'TestGroup', '279d4c5e-b407-4d33-a02b-8f4083d4286d', '2013-08-26T16:52:00.000', N'AVHOST\svc-sttinf', null, null, 0, null)
INSERT INTO [dbo].[fw_group_x_link] ([fgl_key], [fgl_grp_code], [fgl_cgl_key], [fgl_add_date], [fgl_add_user], [fgl_change_date], [fgl_change_user], [fgl_delete_flag], [fgl_entity_key]) VALUES('b2a3c543-8e65-41e7-bf7c-4572b4487aa7', N'WealthEngineGroup', '45145293-6f00-4ec0-8b04-0768539f01ec', '2013-08-26T16:52:00.000', N'AVHOST\svc-sttinf', null, null, 0, null)
INSERT INTO [dbo].[fw_group_x_link] ([fgl_key], [fgl_grp_code], [fgl_cgl_key], [fgl_add_date], [fgl_add_user], [fgl_change_date], [fgl_change_user], [fgl_delete_flag], [fgl_entity_key]) VALUES('0aa2c590-364e-45a7-96d3-725b101e0aae', N'WealthEngineGroup', 'd3016651-8089-46e9-ae50-2914284b4090', '2013-08-26T16:52:00.000', N'AVHOST\svc-sttinf', null, null, 0, null)
INSERT INTO [dbo].[fw_group_x_link] ([fgl_key], [fgl_grp_code], [fgl_cgl_key], [fgl_add_date], [fgl_add_user], [fgl_change_date], [fgl_change_user], [fgl_delete_flag], [fgl_entity_key]) VALUES('93548c55-b601-4c90-b7ca-8e15981fd22e', N'WealthEngineGroup', '81f647bd-f353-4f33-9312-8f364df2af5d', '2013-08-26T16:52:00.000', N'AVHOST\svc-sttinf', null, null, 0, null)
INSERT INTO [dbo].[fw_group_x_link] ([fgl_key], [fgl_grp_code], [fgl_cgl_key], [fgl_add_date], [fgl_add_user], [fgl_change_date], [fgl_change_user], [fgl_delete_flag], [fgl_entity_key]) VALUES('fbe7a53f-8870-4f2c-bc4b-29d5ce945024', N'WealthEngineGroup', '279d4c5e-b407-4d33-a02b-8f4083d4286d', '2013-08-26T16:52:00.000', N'AVHOST\svc-sttinf', null, null, 0, null)
INSERT INTO [dbo].[fw_group_x_link] ([fgl_key], [fgl_grp_code], [fgl_cgl_key], [fgl_add_date], [fgl_add_user], [fgl_change_date], [fgl_change_user], [fgl_delete_flag], [fgl_entity_key]) VALUES('ef8232b6-9933-4c4c-8c0a-363795c071c5', N'xWebUser', '45145293-6f00-4ec0-8b04-0768539f01ec', '2013-08-26T16:52:00.000', N'AVHOST\svc-sttinf', null, null, 0, null)
INSERT INTO [dbo].[fw_group_x_link] ([fgl_key], [fgl_grp_code], [fgl_cgl_key], [fgl_add_date], [fgl_add_user], [fgl_change_date], [fgl_change_user], [fgl_delete_flag], [fgl_entity_key]) VALUES('e2b528df-ba2d-4c9e-9df4-7c1966fed8ea', N'xWebUser', 'd3016651-8089-46e9-ae50-2914284b4090', '2013-08-26T16:52:00.000', N'AVHOST\svc-sttinf', null, null, 0, null)
INSERT INTO [dbo].[fw_group_x_link] ([fgl_key], [fgl_grp_code], [fgl_cgl_key], [fgl_add_date], [fgl_add_user], [fgl_change_date], [fgl_change_user], [fgl_delete_flag], [fgl_entity_key]) VALUES('b244671c-74c5-40a7-abe9-099e9158fff0', N'xWebUser', '81f647bd-f353-4f33-9312-8f364df2af5d', '2013-08-26T16:52:00.000', N'AVHOST\svc-sttinf', null, null, 0, null)
INSERT INTO [dbo].[fw_group_x_link] ([fgl_key], [fgl_grp_code], [fgl_cgl_key], [fgl_add_date], [fgl_add_user], [fgl_change_date], [fgl_change_user], [fgl_delete_flag], [fgl_entity_key]) VALUES('3fa01903-280c-416a-8bde-438735c4ffde', N'xWebUser', '279d4c5e-b407-4d33-a02b-8f4083d4286d', '2013-08-26T16:52:00.000', N'AVHOST\svc-sttinf', null, null, 0, null)
INSERT INTO [dbo].[fw_group_x_link] ([fgl_key], [fgl_grp_code], [fgl_cgl_key], [fgl_add_date], [fgl_add_user], [fgl_change_date], [fgl_change_user], [fgl_delete_flag], [fgl_entity_key]) VALUES('1c3dc6ba-8ebe-4d21-a5e9-e98df71ff1f3', N'ZarcaUser', '45145293-6f00-4ec0-8b04-0768539f01ec', '2013-08-26T16:52:00.000', N'AVHOST\svc-sttinf', null, null, 0, null)
INSERT INTO [dbo].[fw_group_x_link] ([fgl_key], [fgl_grp_code], [fgl_cgl_key], [fgl_add_date], [fgl_add_user], [fgl_change_date], [fgl_change_user], [fgl_delete_flag], [fgl_entity_key]) VALUES('0894f3f3-36b5-4184-a70d-5118cb7b7c90', N'ZarcaUser', 'd3016651-8089-46e9-ae50-2914284b4090', '2013-08-26T16:52:00.000', N'AVHOST\svc-sttinf', null, null, 0, null)
INSERT INTO [dbo].[fw_group_x_link] ([fgl_key], [fgl_grp_code], [fgl_cgl_key], [fgl_add_date], [fgl_add_user], [fgl_change_date], [fgl_change_user], [fgl_delete_flag], [fgl_entity_key]) VALUES('7b16b8b8-3a0c-4eaf-800e-08cc62da3aa2', N'ZarcaUser', '81f647bd-f353-4f33-9312-8f364df2af5d', '2013-08-26T16:52:00.000', N'AVHOST\svc-sttinf', null, null, 0, null)
INSERT INTO [dbo].[fw_group_x_link] ([fgl_key], [fgl_grp_code], [fgl_cgl_key], [fgl_add_date], [fgl_add_user], [fgl_change_date], [fgl_change_user], [fgl_delete_flag], [fgl_entity_key]) VALUES('57b6aa4d-d8a2-45bd-8eb7-5089bd380676', N'ZarcaUser', '279d4c5e-b407-4d33-a02b-8f4083d4286d', '2013-08-26T16:52:00.000', N'AVHOST\svc-sttinf', null, null, 0, null)


-- --Table: [dbo].[fw_system_option]
-- --Table: [dbo].[md_column]
-- --Insert
INSERT INTO [dbo].[md_column] ([mdc_key], [mdc_name], [mdc_mdt_name], [mdc_table_name], [mdc_ext], [mdc_description], [mdc_data_type], [mdc_nullable], [mdc_width], [mdc_width_max], [mdc_readonly], [mdc_readonlyedit], [mdc_not_editable], [mdc_hidden], [mdc_required], [mdc_has_lookup], [mdc_autopostback], [mdc_input_mask], [mdc_control_class], [mdc_value_from], [mdc_value_column], [mdc_value_text_column], [mdc_value_where], [mdc_value_where_add], [mdc_value_orderby], [mdc_default_value], [mdc_validation_class], [mdc_list_header], [mdc_report_header1], [mdc_report_header2], [mdc_query_select_flag], [mdc_sort_order], [mdc_change_log_flag], [mdc_disable_autocomplete_flag], [mdc_enable_subform_lookup_flag], [mdc_available_in_social_flag], [mdc_add_user], [mdc_add_date], [mdc_change_user], [mdc_change_date], [mdc_delete_flag], [mdc_entity_key]) VALUES('9ebc7656-7ff0-4040-96fc-dad7128a8149', N'i14_add_date', N'client_stti_email_calendar', N'client_stti_email_calendar', 0, N'Add Date', N'av_date', 0, 24, 24, 0, 0, 0, 0, 1, 0, 0, N'99/99/9999', N'DateTextBox', null, null, null, null, null, null, null, null, null, null, null, 0, 300, 0, 0, 0, 0, N'STTISThompson', '2013-08-26T16:46:48.073', null, null, 0, null)
INSERT INTO [dbo].[md_column] ([mdc_key], [mdc_name], [mdc_mdt_name], [mdc_table_name], [mdc_ext], [mdc_description], [mdc_data_type], [mdc_nullable], [mdc_width], [mdc_width_max], [mdc_readonly], [mdc_readonlyedit], [mdc_not_editable], [mdc_hidden], [mdc_required], [mdc_has_lookup], [mdc_autopostback], [mdc_input_mask], [mdc_control_class], [mdc_value_from], [mdc_value_column], [mdc_value_text_column], [mdc_value_where], [mdc_value_where_add], [mdc_value_orderby], [mdc_default_value], [mdc_validation_class], [mdc_list_header], [mdc_report_header1], [mdc_report_header2], [mdc_query_select_flag], [mdc_sort_order], [mdc_change_log_flag], [mdc_disable_autocomplete_flag], [mdc_enable_subform_lookup_flag], [mdc_available_in_social_flag], [mdc_add_user], [mdc_add_date], [mdc_change_user], [mdc_change_date], [mdc_delete_flag], [mdc_entity_key]) VALUES('20b333ce-74ee-47b1-afd5-ce9c1cbcd036', N'i14_add_user', N'client_stti_email_calendar', N'client_stti_email_calendar', 0, N'Add User', N'av_user', 0, 64, 64, 0, 0, 0, 0, 1, 0, 0, null, null, null, null, null, null, null, null, null, null, null, null, null, 0, 200, 0, 0, 0, 0, N'STTISThompson', '2013-08-26T16:46:48.073', null, null, 0, null)
INSERT INTO [dbo].[md_column] ([mdc_key], [mdc_name], [mdc_mdt_name], [mdc_table_name], [mdc_ext], [mdc_description], [mdc_data_type], [mdc_nullable], [mdc_width], [mdc_width_max], [mdc_readonly], [mdc_readonlyedit], [mdc_not_editable], [mdc_hidden], [mdc_required], [mdc_has_lookup], [mdc_autopostback], [mdc_input_mask], [mdc_control_class], [mdc_value_from], [mdc_value_column], [mdc_value_text_column], [mdc_value_where], [mdc_value_where_add], [mdc_value_orderby], [mdc_default_value], [mdc_validation_class], [mdc_list_header], [mdc_report_header1], [mdc_report_header2], [mdc_query_select_flag], [mdc_sort_order], [mdc_change_log_flag], [mdc_disable_autocomplete_flag], [mdc_enable_subform_lookup_flag], [mdc_available_in_social_flag], [mdc_add_user], [mdc_add_date], [mdc_change_user], [mdc_change_date], [mdc_delete_flag], [mdc_entity_key]) VALUES('284b0edc-a5c0-4559-b0a0-b9062c71a00c', N'i14_change_date', N'client_stti_email_calendar', N'client_stti_email_calendar', 0, N'Change Date', N'av_date', 1, 24, 24, 0, 0, 0, 0, 0, 0, 0, N'99/99/9999', N'DateTextBox', null, null, null, null, null, null, null, null, null, null, null, 0, 500, 0, 0, 0, 0, N'STTISThompson', '2013-08-26T16:46:48.073', null, null, 0, null)
INSERT INTO [dbo].[md_column] ([mdc_key], [mdc_name], [mdc_mdt_name], [mdc_table_name], [mdc_ext], [mdc_description], [mdc_data_type], [mdc_nullable], [mdc_width], [mdc_width_max], [mdc_readonly], [mdc_readonlyedit], [mdc_not_editable], [mdc_hidden], [mdc_required], [mdc_has_lookup], [mdc_autopostback], [mdc_input_mask], [mdc_control_class], [mdc_value_from], [mdc_value_column], [mdc_value_text_column], [mdc_value_where], [mdc_value_where_add], [mdc_value_orderby], [mdc_default_value], [mdc_validation_class], [mdc_list_header], [mdc_report_header1], [mdc_report_header2], [mdc_query_select_flag], [mdc_sort_order], [mdc_change_log_flag], [mdc_disable_autocomplete_flag], [mdc_enable_subform_lookup_flag], [mdc_available_in_social_flag], [mdc_add_user], [mdc_add_date], [mdc_change_user], [mdc_change_date], [mdc_delete_flag], [mdc_entity_key]) VALUES('280af36d-c855-4565-b3c8-fa0b21bcee9d', N'i14_change_user', N'client_stti_email_calendar', N'client_stti_email_calendar', 0, N'Change User', N'av_user', 1, 64, 64, 0, 0, 0, 0, 0, 0, 0, null, null, null, null, null, null, null, null, null, null, null, null, null, 0, 400, 0, 0, 0, 0, N'STTISThompson', '2013-08-26T16:46:48.073', null, null, 0, null)
INSERT INTO [dbo].[md_column] ([mdc_key], [mdc_name], [mdc_mdt_name], [mdc_table_name], [mdc_ext], [mdc_description], [mdc_data_type], [mdc_nullable], [mdc_width], [mdc_width_max], [mdc_readonly], [mdc_readonlyedit], [mdc_not_editable], [mdc_hidden], [mdc_required], [mdc_has_lookup], [mdc_autopostback], [mdc_input_mask], [mdc_control_class], [mdc_value_from], [mdc_value_column], [mdc_value_text_column], [mdc_value_where], [mdc_value_where_add], [mdc_value_orderby], [mdc_default_value], [mdc_validation_class], [mdc_list_header], [mdc_report_header1], [mdc_report_header2], [mdc_query_select_flag], [mdc_sort_order], [mdc_change_log_flag], [mdc_disable_autocomplete_flag], [mdc_enable_subform_lookup_flag], [mdc_available_in_social_flag], [mdc_add_user], [mdc_add_date], [mdc_change_user], [mdc_change_date], [mdc_delete_flag], [mdc_entity_key]) VALUES('9eb0bfc0-8806-42b3-a3e4-4d5f943fbac4', N'i14_completion_date', N'client_stti_email_calendar', N'client_stti_email_calendar', 0, N'Completion Date of Send', N'av_date', 1, 24, 24, 0, 0, 0, 0, 0, 0, 0, N'99/99/9999', N'DateTextBox', null, null, null, null, null, null, null, null, null, null, null, 0, 1400, 0, 0, 0, 0, N'STTISThompson', '2013-08-26T16:46:48.073', null, null, 0, null)
INSERT INTO [dbo].[md_column] ([mdc_key], [mdc_name], [mdc_mdt_name], [mdc_table_name], [mdc_ext], [mdc_description], [mdc_data_type], [mdc_nullable], [mdc_width], [mdc_width_max], [mdc_readonly], [mdc_readonlyedit], [mdc_not_editable], [mdc_hidden], [mdc_required], [mdc_has_lookup], [mdc_autopostback], [mdc_input_mask], [mdc_control_class], [mdc_value_from], [mdc_value_column], [mdc_value_text_column], [mdc_value_where], [mdc_value_where_add], [mdc_value_orderby], [mdc_default_value], [mdc_validation_class], [mdc_list_header], [mdc_report_header1], [mdc_report_header2], [mdc_query_select_flag], [mdc_sort_order], [mdc_change_log_flag], [mdc_disable_autocomplete_flag], [mdc_enable_subform_lookup_flag], [mdc_available_in_social_flag], [mdc_add_user], [mdc_add_date], [mdc_change_user], [mdc_change_date], [mdc_delete_flag], [mdc_entity_key]) VALUES('edbb509d-978d-41de-8cf4-d0317ca76bd5', N'i14_custom_chapter_subject', N'client_stti_email_calendar', N'client_stti_email_calendar', 0, N'Custom Chapter Subject Line', N'nvarchar', 1, 0, 0, 0, 0, 0, 0, 0, 0, 0, null, null, null, null, null, null, null, null, null, null, null, null, null, 0, 1500, 0, 0, 0, 0, N'STTISThompson', '2013-09-09T13:40:03.737', null, null, 0, null)
INSERT INTO [dbo].[md_column] ([mdc_key], [mdc_name], [mdc_mdt_name], [mdc_table_name], [mdc_ext], [mdc_description], [mdc_data_type], [mdc_nullable], [mdc_width], [mdc_width_max], [mdc_readonly], [mdc_readonlyedit], [mdc_not_editable], [mdc_hidden], [mdc_required], [mdc_has_lookup], [mdc_autopostback], [mdc_input_mask], [mdc_control_class], [mdc_value_from], [mdc_value_column], [mdc_value_text_column], [mdc_value_where], [mdc_value_where_add], [mdc_value_orderby], [mdc_default_value], [mdc_validation_class], [mdc_list_header], [mdc_report_header1], [mdc_report_header2], [mdc_query_select_flag], [mdc_sort_order], [mdc_change_log_flag], [mdc_disable_autocomplete_flag], [mdc_enable_subform_lookup_flag], [mdc_available_in_social_flag], [mdc_add_user], [mdc_add_date], [mdc_change_user], [mdc_change_date], [mdc_delete_flag], [mdc_entity_key]) VALUES('dda738f0-8dc2-46e0-93b6-09f97dca63c7', N'i14_custom_chapter_text', N'client_stti_email_calendar', N'client_stti_email_calendar', 0, N'Custom Chapter Text', N'nvarchar', 1, 0, 0, 0, 0, 0, 0, 0, 0, 0, null, null, null, null, null, null, null, null, null, null, null, null, null, 0, 1200, 0, 0, 0, 0, N'STTISThompson', '2013-08-26T16:46:48.073', null, null, 0, null)
INSERT INTO [dbo].[md_column] ([mdc_key], [mdc_name], [mdc_mdt_name], [mdc_table_name], [mdc_ext], [mdc_description], [mdc_data_type], [mdc_nullable], [mdc_width], [mdc_width_max], [mdc_readonly], [mdc_readonlyedit], [mdc_not_editable], [mdc_hidden], [mdc_required], [mdc_has_lookup], [mdc_autopostback], [mdc_input_mask], [mdc_control_class], [mdc_value_from], [mdc_value_column], [mdc_value_text_column], [mdc_value_where], [mdc_value_where_add], [mdc_value_orderby], [mdc_default_value], [mdc_validation_class], [mdc_list_header], [mdc_report_header1], [mdc_report_header2], [mdc_query_select_flag], [mdc_sort_order], [mdc_change_log_flag], [mdc_disable_autocomplete_flag], [mdc_enable_subform_lookup_flag], [mdc_available_in_social_flag], [mdc_add_user], [mdc_add_date], [mdc_change_user], [mdc_change_date], [mdc_delete_flag], [mdc_entity_key]) VALUES('61a25c08-76fe-45a7-b691-0b666872dcee', N'i14_custom_subject', N'client_stti_email_calendar', N'client_stti_email_calendar', 0, N'Custom Subject Line', N'nvarchar', 1, 0, 0, 0, 0, 0, 0, 0, 0, 0, null, null, null, null, null, null, null, null, null, null, null, null, null, 0, 1800, 0, 0, 0, 0, N'STTISThompson', '2013-09-10T15:56:15.603', null, null, 0, null)
INSERT INTO [dbo].[md_column] ([mdc_key], [mdc_name], [mdc_mdt_name], [mdc_table_name], [mdc_ext], [mdc_description], [mdc_data_type], [mdc_nullable], [mdc_width], [mdc_width_max], [mdc_readonly], [mdc_readonlyedit], [mdc_not_editable], [mdc_hidden], [mdc_required], [mdc_has_lookup], [mdc_autopostback], [mdc_input_mask], [mdc_control_class], [mdc_value_from], [mdc_value_column], [mdc_value_text_column], [mdc_value_where], [mdc_value_where_add], [mdc_value_orderby], [mdc_default_value], [mdc_validation_class], [mdc_list_header], [mdc_report_header1], [mdc_report_header2], [mdc_query_select_flag], [mdc_sort_order], [mdc_change_log_flag], [mdc_disable_autocomplete_flag], [mdc_enable_subform_lookup_flag], [mdc_available_in_social_flag], [mdc_add_user], [mdc_add_date], [mdc_change_user], [mdc_change_date], [mdc_delete_flag], [mdc_entity_key]) VALUES('8a9f1014-3e13-486a-ba61-80e885ef0659', N'i14_custom_text', N'client_stti_email_calendar', N'client_stti_email_calendar', 0, N'Custom Text', N'nvarchar', 1, 0, 0, 0, 0, 0, 0, 0, 0, 0, null, null, null, null, null, null, null, null, null, null, null, null, null, 0, 1700, 0, 0, 0, 0, N'STTISThompson', '2013-09-10T15:56:15.603', null, null, 0, null)
INSERT INTO [dbo].[md_column] ([mdc_key], [mdc_name], [mdc_mdt_name], [mdc_table_name], [mdc_ext], [mdc_description], [mdc_data_type], [mdc_nullable], [mdc_width], [mdc_width_max], [mdc_readonly], [mdc_readonlyedit], [mdc_not_editable], [mdc_hidden], [mdc_required], [mdc_has_lookup], [mdc_autopostback], [mdc_input_mask], [mdc_control_class], [mdc_value_from], [mdc_value_column], [mdc_value_text_column], [mdc_value_where], [mdc_value_where_add], [mdc_value_orderby], [mdc_default_value], [mdc_validation_class], [mdc_list_header], [mdc_report_header1], [mdc_report_header2], [mdc_query_select_flag], [mdc_sort_order], [mdc_change_log_flag], [mdc_disable_autocomplete_flag], [mdc_enable_subform_lookup_flag], [mdc_available_in_social_flag], [mdc_add_user], [mdc_add_date], [mdc_change_user], [mdc_change_date], [mdc_delete_flag], [mdc_entity_key]) VALUES('85f1a8a8-f9ca-498f-b862-ab571fd03935', N'i14_delete_flag', N'client_stti_email_calendar', N'client_stti_email_calendar', 0, N'Delete Flag', N'av_delete_flag', 0, 1, 1, 0, 0, 0, 0, 1, 0, 0, null, null, null, null, null, null, null, null, null, null, null, null, null, 0, 600, 0, 0, 0, 0, N'STTISThompson', '2013-08-26T16:46:48.073', null, null, 0, null)
INSERT INTO [dbo].[md_column] ([mdc_key], [mdc_name], [mdc_mdt_name], [mdc_table_name], [mdc_ext], [mdc_description], [mdc_data_type], [mdc_nullable], [mdc_width], [mdc_width_max], [mdc_readonly], [mdc_readonlyedit], [mdc_not_editable], [mdc_hidden], [mdc_required], [mdc_has_lookup], [mdc_autopostback], [mdc_input_mask], [mdc_control_class], [mdc_value_from], [mdc_value_column], [mdc_value_text_column], [mdc_value_where], [mdc_value_where_add], [mdc_value_orderby], [mdc_default_value], [mdc_validation_class], [mdc_list_header], [mdc_report_header1], [mdc_report_header2], [mdc_query_select_flag], [mdc_sort_order], [mdc_change_log_flag], [mdc_disable_autocomplete_flag], [mdc_enable_subform_lookup_flag], [mdc_available_in_social_flag], [mdc_add_user], [mdc_add_date], [mdc_change_user], [mdc_change_date], [mdc_delete_flag], [mdc_entity_key]) VALUES('edda72ac-8457-4ed8-84eb-7603112e9830', N'i14_entity_key', N'client_stti_email_calendar', N'client_stti_email_calendar', 0, N'Entity Key', N'av_key', 1, 16, 16, 0, 0, 0, 0, 0, 0, 0, null, null, null, null, null, null, null, null, null, null, null, null, null, 0, 700, 0, 0, 0, 0, N'STTISThompson', '2013-08-26T16:46:48.073', null, null, 0, null)
INSERT INTO [dbo].[md_column] ([mdc_key], [mdc_name], [mdc_mdt_name], [mdc_table_name], [mdc_ext], [mdc_description], [mdc_data_type], [mdc_nullable], [mdc_width], [mdc_width_max], [mdc_readonly], [mdc_readonlyedit], [mdc_not_editable], [mdc_hidden], [mdc_required], [mdc_has_lookup], [mdc_autopostback], [mdc_input_mask], [mdc_control_class], [mdc_value_from], [mdc_value_column], [mdc_value_text_column], [mdc_value_where], [mdc_value_where_add], [mdc_value_orderby], [mdc_default_value], [mdc_validation_class], [mdc_list_header], [mdc_report_header1], [mdc_report_header2], [mdc_query_select_flag], [mdc_sort_order], [mdc_change_log_flag], [mdc_disable_autocomplete_flag], [mdc_enable_subform_lookup_flag], [mdc_available_in_social_flag], [mdc_add_user], [mdc_add_date], [mdc_change_user], [mdc_change_date], [mdc_delete_flag], [mdc_entity_key]) VALUES('3cb35aaa-e90c-452c-a5de-dd3e80399fc5', N'i14_i02_key', N'client_stti_email_calendar', N'client_stti_email_calendar', 0, N'Ceremony Key', N'av_key', 1, 16, 16, 0, 0, 0, 0, 0, 0, 0, null, null, null, null, null, null, null, null, null, null, null, null, null, 0, 900, 0, 0, 0, 0, N'STTISThompson', '2013-08-26T16:46:48.073', null, null, 0, null)
INSERT INTO [dbo].[md_column] ([mdc_key], [mdc_name], [mdc_mdt_name], [mdc_table_name], [mdc_ext], [mdc_description], [mdc_data_type], [mdc_nullable], [mdc_width], [mdc_width_max], [mdc_readonly], [mdc_readonlyedit], [mdc_not_editable], [mdc_hidden], [mdc_required], [mdc_has_lookup], [mdc_autopostback], [mdc_input_mask], [mdc_control_class], [mdc_value_from], [mdc_value_column], [mdc_value_text_column], [mdc_value_where], [mdc_value_where_add], [mdc_value_orderby], [mdc_default_value], [mdc_validation_class], [mdc_list_header], [mdc_report_header1], [mdc_report_header2], [mdc_query_select_flag], [mdc_sort_order], [mdc_change_log_flag], [mdc_disable_autocomplete_flag], [mdc_enable_subform_lookup_flag], [mdc_available_in_social_flag], [mdc_add_user], [mdc_add_date], [mdc_change_user], [mdc_change_date], [mdc_delete_flag], [mdc_entity_key]) VALUES('3560c7d6-69f0-4f43-85ea-e16d8f8a7779', N'i14_i13_key', N'client_stti_email_calendar', N'client_stti_email_calendar', 0, N'Blueprint Key', N'av_key', 1, 16, 16, 0, 0, 0, 0, 0, 0, 0, null, null, null, null, null, null, null, null, null, null, null, null, null, 0, 800, 0, 0, 0, 0, N'STTISThompson', '2013-08-26T16:46:48.073', null, null, 0, null)
INSERT INTO [dbo].[md_column] ([mdc_key], [mdc_name], [mdc_mdt_name], [mdc_table_name], [mdc_ext], [mdc_description], [mdc_data_type], [mdc_nullable], [mdc_width], [mdc_width_max], [mdc_readonly], [mdc_readonlyedit], [mdc_not_editable], [mdc_hidden], [mdc_required], [mdc_has_lookup], [mdc_autopostback], [mdc_input_mask], [mdc_control_class], [mdc_value_from], [mdc_value_column], [mdc_value_text_column], [mdc_value_where], [mdc_value_where_add], [mdc_value_orderby], [mdc_default_value], [mdc_validation_class], [mdc_list_header], [mdc_report_header1], [mdc_report_header2], [mdc_query_select_flag], [mdc_sort_order], [mdc_change_log_flag], [mdc_disable_autocomplete_flag], [mdc_enable_subform_lookup_flag], [mdc_available_in_social_flag], [mdc_add_user], [mdc_add_date], [mdc_change_user], [mdc_change_date], [mdc_delete_flag], [mdc_entity_key]) VALUES('ae23a878-da43-43f7-8283-500c66651ee5', N'i14_instance_key', N'client_stti_email_calendar', N'client_stti_email_calendar', 0, N'Object Instance Key', N'av_key', 1, 16, 16, 0, 0, 0, 0, 0, 0, 0, null, null, null, null, null, null, null, null, null, null, null, null, null, 0, 1600, 0, 0, 0, 0, N'STTISThompson', '2013-09-10T15:56:15.603', null, null, 0, null)
INSERT INTO [dbo].[md_column] ([mdc_key], [mdc_name], [mdc_mdt_name], [mdc_table_name], [mdc_ext], [mdc_description], [mdc_data_type], [mdc_nullable], [mdc_width], [mdc_width_max], [mdc_readonly], [mdc_readonlyedit], [mdc_not_editable], [mdc_hidden], [mdc_required], [mdc_has_lookup], [mdc_autopostback], [mdc_input_mask], [mdc_control_class], [mdc_value_from], [mdc_value_column], [mdc_value_text_column], [mdc_value_where], [mdc_value_where_add], [mdc_value_orderby], [mdc_default_value], [mdc_validation_class], [mdc_list_header], [mdc_report_header1], [mdc_report_header2], [mdc_query_select_flag], [mdc_sort_order], [mdc_change_log_flag], [mdc_disable_autocomplete_flag], [mdc_enable_subform_lookup_flag], [mdc_available_in_social_flag], [mdc_add_user], [mdc_add_date], [mdc_change_user], [mdc_change_date], [mdc_delete_flag], [mdc_entity_key]) VALUES('838d9cb6-8435-49ce-a8a6-375da597837a', N'i14_key', N'client_stti_email_calendar', N'client_stti_email_calendar', 0, N'Unique Key', N'av_key', 0, 16, 16, 0, 0, 0, 0, 1, 0, 0, null, null, null, null, null, null, null, null, null, null, null, null, null, 0, 100, 0, 0, 0, 0, N'STTISThompson', '2013-08-26T16:46:48.073', null, null, 0, null)
INSERT INTO [dbo].[md_column] ([mdc_key], [mdc_name], [mdc_mdt_name], [mdc_table_name], [mdc_ext], [mdc_description], [mdc_data_type], [mdc_nullable], [mdc_width], [mdc_width_max], [mdc_readonly], [mdc_readonlyedit], [mdc_not_editable], [mdc_hidden], [mdc_required], [mdc_has_lookup], [mdc_autopostback], [mdc_input_mask], [mdc_control_class], [mdc_value_from], [mdc_value_column], [mdc_value_text_column], [mdc_value_where], [mdc_value_where_add], [mdc_value_orderby], [mdc_default_value], [mdc_validation_class], [mdc_list_header], [mdc_report_header1], [mdc_report_header2], [mdc_query_select_flag], [mdc_sort_order], [mdc_change_log_flag], [mdc_disable_autocomplete_flag], [mdc_enable_subform_lookup_flag], [mdc_available_in_social_flag], [mdc_add_user], [mdc_add_date], [mdc_change_user], [mdc_change_date], [mdc_delete_flag], [mdc_entity_key]) VALUES('64764f57-3d4e-4b6a-8f8b-2350fc6bb332', N'i14_send_date', N'client_stti_email_calendar', N'client_stti_email_calendar', 0, N'Send Date', N'av_date', 1, 24, 24, 0, 0, 0, 0, 0, 0, 0, N'99/99/9999', N'DateTextBox', null, null, null, null, null, null, null, null, null, null, null, 0, 1000, 0, 0, 0, 0, N'STTISThompson', '2013-08-26T16:46:48.073', null, null, 0, null)
INSERT INTO [dbo].[md_column] ([mdc_key], [mdc_name], [mdc_mdt_name], [mdc_table_name], [mdc_ext], [mdc_description], [mdc_data_type], [mdc_nullable], [mdc_width], [mdc_width_max], [mdc_readonly], [mdc_readonlyedit], [mdc_not_editable], [mdc_hidden], [mdc_required], [mdc_has_lookup], [mdc_autopostback], [mdc_input_mask], [mdc_control_class], [mdc_value_from], [mdc_value_column], [mdc_value_text_column], [mdc_value_where], [mdc_value_where_add], [mdc_value_orderby], [mdc_default_value], [mdc_validation_class], [mdc_list_header], [mdc_report_header1], [mdc_report_header2], [mdc_query_select_flag], [mdc_sort_order], [mdc_change_log_flag], [mdc_disable_autocomplete_flag], [mdc_enable_subform_lookup_flag], [mdc_available_in_social_flag], [mdc_add_user], [mdc_add_date], [mdc_change_user], [mdc_change_date], [mdc_delete_flag], [mdc_entity_key]) VALUES('6e8fcf80-19f0-44b3-86bd-6c7cb5d94dd5', N'i14_start_date', N'client_stti_email_calendar', N'client_stti_email_calendar', 0, N'Start Date of Send', N'av_date', 1, 24, 24, 0, 0, 0, 0, 0, 0, 0, N'99/99/9999', N'DateTextBox', null, null, null, null, null, null, null, null, null, null, null, 0, 1300, 0, 0, 0, 0, N'STTISThompson', '2013-08-26T16:46:48.073', null, null, 0, null)
INSERT INTO [dbo].[md_column] ([mdc_key], [mdc_name], [mdc_mdt_name], [mdc_table_name], [mdc_ext], [mdc_description], [mdc_data_type], [mdc_nullable], [mdc_width], [mdc_width_max], [mdc_readonly], [mdc_readonlyedit], [mdc_not_editable], [mdc_hidden], [mdc_required], [mdc_has_lookup], [mdc_autopostback], [mdc_input_mask], [mdc_control_class], [mdc_value_from], [mdc_value_column], [mdc_value_text_column], [mdc_value_where], [mdc_value_where_add], [mdc_value_orderby], [mdc_default_value], [mdc_validation_class], [mdc_list_header], [mdc_report_header1], [mdc_report_header2], [mdc_query_select_flag], [mdc_sort_order], [mdc_change_log_flag], [mdc_disable_autocomplete_flag], [mdc_enable_subform_lookup_flag], [mdc_available_in_social_flag], [mdc_add_user], [mdc_add_date], [mdc_change_user], [mdc_change_date], [mdc_delete_flag], [mdc_entity_key]) VALUES('a6e00883-f781-4c49-883a-aeb3aae62257', N'i14_status', N'client_stti_email_calendar', N'client_stti_email_calendar', 0, N'Status of Send', N'av_integer', 1, 4, 4, 0, 0, 0, 0, 0, 0, 0, null, null, null, null, null, null, null, null, null, null, null, null, null, 0, 1100, 0, 0, 0, 0, N'STTISThompson', '2013-08-26T16:46:48.073', null, null, 0, null)


-- --Table: [dbo].[md_dynamic_form]
-- --Insert
INSERT INTO [dbo].[md_dynamic_form] ([dyn_key], [dyn_description], [dyn_title], [dyn_title_icon], [dyn_obj_key], [dyn_has_child_forms], [dyn_has_extensions], [dyn_has_profile], [dyn_primary_profile], [dyn_designed], [dyn_nodelete], [dyn_nohide], [dyn_nosave], [dyn_norecordinfo], [dyn_display_only], [dyn_dispo_control], [dyn_dispo_operator], [dyn_dispo_value], [dyn_static_edit_form], [dyn_static_profile_form], [dyn_key_base], [dyn_cgr_key], [dyn_enable_atlas_flag], [dyn_sub_form_flag], [dyn_add_user], [dyn_add_date], [dyn_change_user], [dyn_change_date], [dyn_delete_flag], [dyn_entity_key]) VALUES('ca60a2cf-4b4e-4fc1-84ec-a3fe270a1df5', N'STTI Email Calendar', null, null, 'e55e2814-cb1d-46c2-aae3-df2fd1b0ff7a', 0, 0, 0, 0, 0, 0, 0, 0, 0, 0, null, null, null, null, null, null, null, 1, 0, N'SThompson_STTI', '2013-08-26T16:51:41.000', null, null, 0, null)


-- --Table: [dbo].[md_dynamic_form_child]
-- --Table: [dbo].[md_dynamic_form_control]
-- --Table: [dbo].[md_dynamic_form_substitute]
-- --Table: [dbo].[md_dynamic_profile_detail]
-- --Table: [dbo].[md_dynamic_search]
-- --Insert
INSERT INTO [dbo].[md_dynamic_search] ([sch_key], [sch_dyn_key], [sch_mdt_name], [sch_lsf_from_alias], [sch_mdc_key], [sch_control_class], [sch_order], [sch_default_operator], [sch_value_from], [sch_value_column], [sch_value_text_column], [sch_value_where], [sch_value_orderby], [sch_autopostback], [sch_default_value], [sch_description], [sch_add_user], [sch_add_date], [sch_change_user], [sch_change_date], [sch_delete_flag], [sch_entity_key], [sch_sql_visible]) VALUES('15d04ecc-5345-45ba-9e00-103a5218178d', 'ca60a2cf-4b4e-4fc1-84ec-a3fe270a1df5', N'client_stti_email_calendar', null, 'dda738f0-8dc2-46e0-93b6-09f97dca63c7', N'TextBox', 1200, null, null, null, null, null, null, 0, null, null, N'SThompson_STTI', '2013-08-26T16:51:41.000', null, null, 0, null, null)
INSERT INTO [dbo].[md_dynamic_search] ([sch_key], [sch_dyn_key], [sch_mdt_name], [sch_lsf_from_alias], [sch_mdc_key], [sch_control_class], [sch_order], [sch_default_operator], [sch_value_from], [sch_value_column], [sch_value_text_column], [sch_value_where], [sch_value_orderby], [sch_autopostback], [sch_default_value], [sch_description], [sch_add_user], [sch_add_date], [sch_change_user], [sch_change_date], [sch_delete_flag], [sch_entity_key], [sch_sql_visible]) VALUES('b57190df-30f6-4e7f-8420-3161a2cac76e', 'ca60a2cf-4b4e-4fc1-84ec-a3fe270a1df5', N'client_stti_email_calendar', null, '20b333ce-74ee-47b1-afd5-ce9c1cbcd036', N'TextBox', 200, null, null, null, null, null, null, 0, null, null, N'SThompson_STTI', '2013-08-26T16:51:41.000', null, null, 0, null, null)
INSERT INTO [dbo].[md_dynamic_search] ([sch_key], [sch_dyn_key], [sch_mdt_name], [sch_lsf_from_alias], [sch_mdc_key], [sch_control_class], [sch_order], [sch_default_operator], [sch_value_from], [sch_value_column], [sch_value_text_column], [sch_value_where], [sch_value_orderby], [sch_autopostback], [sch_default_value], [sch_description], [sch_add_user], [sch_add_date], [sch_change_user], [sch_change_date], [sch_delete_flag], [sch_entity_key], [sch_sql_visible]) VALUES('7dbe6a42-dde0-4009-b4d7-82f849b6327c', 'ca60a2cf-4b4e-4fc1-84ec-a3fe270a1df5', N'client_stti_email_calendar', null, '6e8fcf80-19f0-44b3-86bd-6c7cb5d94dd5', N'DateTextBox', 1300, null, null, null, null, null, null, 0, null, null, N'SThompson_STTI', '2013-08-26T16:51:41.000', null, null, 0, null, null)
INSERT INTO [dbo].[md_dynamic_search] ([sch_key], [sch_dyn_key], [sch_mdt_name], [sch_lsf_from_alias], [sch_mdc_key], [sch_control_class], [sch_order], [sch_default_operator], [sch_value_from], [sch_value_column], [sch_value_text_column], [sch_value_where], [sch_value_orderby], [sch_autopostback], [sch_default_value], [sch_description], [sch_add_user], [sch_add_date], [sch_change_user], [sch_change_date], [sch_delete_flag], [sch_entity_key], [sch_sql_visible]) VALUES('6e13f74a-a151-40a0-a452-ea7a60c35cd2', 'ca60a2cf-4b4e-4fc1-84ec-a3fe270a1df5', N'client_stti_email_calendar', null, '64764f57-3d4e-4b6a-8f8b-2350fc6bb332', N'DateTextBox', 1000, null, null, null, null, null, null, 0, null, null, N'SThompson_STTI', '2013-08-26T16:51:41.000', null, null, 0, null, null)
INSERT INTO [dbo].[md_dynamic_search] ([sch_key], [sch_dyn_key], [sch_mdt_name], [sch_lsf_from_alias], [sch_mdc_key], [sch_control_class], [sch_order], [sch_default_operator], [sch_value_from], [sch_value_column], [sch_value_text_column], [sch_value_where], [sch_value_orderby], [sch_autopostback], [sch_default_value], [sch_description], [sch_add_user], [sch_add_date], [sch_change_user], [sch_change_date], [sch_delete_flag], [sch_entity_key], [sch_sql_visible]) VALUES('c45a866d-f95c-44e0-87d4-f7813b59097b', 'ca60a2cf-4b4e-4fc1-84ec-a3fe270a1df5', N'client_stti_email_calendar', null, '9eb0bfc0-8806-42b3-a3e4-4d5f943fbac4', N'DateTextBox', 1400, null, null, null, null, null, null, 0, null, null, N'SThompson_STTI', '2013-08-26T16:51:41.000', null, null, 0, null, null)


-- --Table: [dbo].[md_form_link]
-- --Table: [dbo].[md_lookup]
-- --Table: [dbo].[md_lookup_xref]
-- --Table: [dbo].[md_metadata_lock]
-- --Insert
INSERT INTO [dbo].[md_metadata_lock] ([lok_key], [lok_mdt_name], [lok_row_key], [lok_add_user], [lok_add_date], [lok_change_user], [lok_change_date], [lok_delete_flag], [lok_entity_key]) VALUES('58bc279a-e2b5-43b1-95a8-807daefe9725', N'md_table', '9ddbf252-30c8-4e89-9533-5129eb4ecb01', N'SThompson_STTI', '2013-08-26T16:45:52.857', null, null, 0, null)
INSERT INTO [dbo].[md_metadata_lock] ([lok_key], [lok_mdt_name], [lok_row_key], [lok_add_user], [lok_add_date], [lok_change_user], [lok_change_date], [lok_delete_flag], [lok_entity_key]) VALUES('1347a53c-f624-4789-9581-f738438ab771', N'md_object', 'e55e2814-cb1d-46c2-aae3-df2fd1b0ff7a', N'SThompson_STTI', '2013-08-26T16:51:42.537', null, null, 0, null)


-- --Table: [dbo].[md_object]
-- --Insert
INSERT INTO [dbo].[md_object] ([obj_key], [obj_description], [obj_name], [obj_prefix], [obj_defaultorderby], [obj_defaultcolumns], [obj_assembly], [obj_typename], [obj_has_related], [obj_has_extensions], [obj_workflow_flag], [obj_dup_check_dyc_key], [obj_dup_allow_save], [obj_correspondence_flag], [obj_cgr_key], [obj_mass_replace_flag], [obj_social_group_flag], [obj_social_participant_flag], [obj_allows_import], [obj_add_user], [obj_add_date], [obj_change_user], [obj_change_date], [obj_delete_flag], [obj_entity_key]) VALUES('e55e2814-cb1d-46c2-aae3-df2fd1b0ff7a', N'STTI Email Calendar', N'STTIEmailCalendar', N'i14', N'isnull(i14_change_date,i14_add_date) desc', N'i14_send_date,i14_add_user,i14_completion_date,i14_start_date,i14_custom_chapter_text,i14_status', N'Data', N'Avectra.netForum.Data.DynamicFacade', 0, 0, 1, null, 0, 0, null, 0, 0, 0, null, N'SThompson_STTI', '2013-08-26T16:51:41.000', null, null, 0, null)


-- --Table: [dbo].[md_object_data]
-- --Insert
INSERT INTO [dbo].[md_object_data] ([obd_key], [obd_obj_key], [obd_description], [obd_data_object_prefix], [obd_table_name], [obd_table_name_ext], [obd_table_prefix], [obd_table_prefix_ext], [obd_key_field], [obd_key_field_ext], [obd_parent_key], [obd_order], [obd_save_order], [obd_do_not_save], [obd_one_to_many], [obd_do_not_select], [obd_delete_flag_field], [obd_add_user], [obd_add_date], [obd_change_user], [obd_change_date], [obd_delete_flag], [obd_entity_key]) VALUES('03f66a27-a2db-4101-b833-332bc0880096', 'e55e2814-cb1d-46c2-aae3-df2fd1b0ff7a', N'STTI Email Calendar', N'i14', N'client_stti_email_calendar', null, N'i14', null, N'i14_key', null, null, 0, 0, 0, 0, 0, N'i14_delete_flag', N'SThompson_STTI', '2013-08-26T16:51:41.000', null, null, 0, null)


-- --Table: [dbo].[md_object_related]
-- --Table: [dbo].[md_object_related_control]
-- --Table: [dbo].[md_query]
-- --Table: [dbo].[md_query_detail]
-- --Table: [dbo].[md_query_sub]
-- --Table: [dbo].[md_query_sub_detail]
-- --Table: [dbo].[md_report]
-- --Table: [dbo].[md_report_parameter]
-- --Table: [dbo].[md_table]
-- --Insert
INSERT INTO [dbo].[md_table] ([mdt_key], [mdt_name], [mdt_description], [mdt_prefix], [mdt_key_column], [mdt_email_column], [mdt_fax_column], [mdt_pref_comm_meth_column], [mdt_ignore_entity], [mdt_cst_key_xref_column], [mdt_add_user], [mdt_add_date], [mdt_change_user], [mdt_change_date], [mdt_delete_flag], [mdt_entity_key], [mdt_logsql_flag], [mdt_address_column], [mdt_phone_column]) VALUES('9ddbf252-30c8-4e89-9533-5129eb4ecb01', N'client_stti_email_calendar', N'STTI Email Calendar', N'i14', N'i14_key', null, null, null, 0, null, N'SThompson_STTI', '2013-08-26T16:45:52.000', N'SThompson_STTI', '2013-08-26T16:49:19.000', 0, null, null, null, null)


-- --Table: [dbo].[md_table_list_column]
-- --Insert
INSERT INTO [dbo].[md_table_list_column] ([lsc_key], [lsc_lsf_key], [lsc_mdc_name], [lsc_name_alias], [lsc_order], [lsc_add_user], [lsc_add_date], [lsc_change_user], [lsc_change_date], [lsc_delete_flag], [lsc_entity_key]) VALUES('4a1cd91e-73cb-4656-bf97-0265d9bc112e', 'fae19f35-a959-41a9-bfa5-c13e2f2760b9', N'i14_add_user', null, 200, N'SThompson_STTI', '2013-08-26T16:51:41.000', null, null, 0, null)
INSERT INTO [dbo].[md_table_list_column] ([lsc_key], [lsc_lsf_key], [lsc_mdc_name], [lsc_name_alias], [lsc_order], [lsc_add_user], [lsc_add_date], [lsc_change_user], [lsc_change_date], [lsc_delete_flag], [lsc_entity_key]) VALUES('447fb17a-fe76-4fa3-9184-4d88e91b4d49', 'fae19f35-a959-41a9-bfa5-c13e2f2760b9', N'i14_status', null, 1100, N'SThompson_STTI', '2013-08-26T16:51:41.000', null, null, 0, null)
INSERT INTO [dbo].[md_table_list_column] ([lsc_key], [lsc_lsf_key], [lsc_mdc_name], [lsc_name_alias], [lsc_order], [lsc_add_user], [lsc_add_date], [lsc_change_user], [lsc_change_date], [lsc_delete_flag], [lsc_entity_key]) VALUES('b0b21803-d533-4ca3-bdac-58c30d6079e9', 'fae19f35-a959-41a9-bfa5-c13e2f2760b9', N'i14_start_date', null, 1300, N'SThompson_STTI', '2013-08-26T16:51:41.000', null, null, 0, null)
INSERT INTO [dbo].[md_table_list_column] ([lsc_key], [lsc_lsf_key], [lsc_mdc_name], [lsc_name_alias], [lsc_order], [lsc_add_user], [lsc_add_date], [lsc_change_user], [lsc_change_date], [lsc_delete_flag], [lsc_entity_key]) VALUES('0e845acb-74ff-4d5b-99b5-8517de8cfad2', 'fae19f35-a959-41a9-bfa5-c13e2f2760b9', N'i14_send_date', null, 1000, N'SThompson_STTI', '2013-08-26T16:51:41.000', null, null, 0, null)
INSERT INTO [dbo].[md_table_list_column] ([lsc_key], [lsc_lsf_key], [lsc_mdc_name], [lsc_name_alias], [lsc_order], [lsc_add_user], [lsc_add_date], [lsc_change_user], [lsc_change_date], [lsc_delete_flag], [lsc_entity_key]) VALUES('e66f7daa-7212-4496-9ab7-90d2bb8cd44a', 'fae19f35-a959-41a9-bfa5-c13e2f2760b9', N'i14_completion_date', null, 1400, N'SThompson_STTI', '2013-08-26T16:51:41.000', null, null, 0, null)
INSERT INTO [dbo].[md_table_list_column] ([lsc_key], [lsc_lsf_key], [lsc_mdc_name], [lsc_name_alias], [lsc_order], [lsc_add_user], [lsc_add_date], [lsc_change_user], [lsc_change_date], [lsc_delete_flag], [lsc_entity_key]) VALUES('ece55a7a-34f3-4b47-a7a2-c13116c0e5c0', 'fae19f35-a959-41a9-bfa5-c13e2f2760b9', N'i14_custom_chapter_text', null, 1200, N'SThompson_STTI', '2013-08-26T16:51:41.000', null, null, 0, null)


-- --Table: [dbo].[md_table_list_from]
-- --Insert
INSERT INTO [dbo].[md_table_list_from] ([lsf_key], [lsf_lst_key], [lsf_from_table], [lsf_from_alias], [lsf_from_order], [lsf_from_join_type], [lsf_from_join], [lsf_add_user], [lsf_add_date], [lsf_change_user], [lsf_change_date], [lsf_delete_flag], [lsf_entity_key]) VALUES('fae19f35-a959-41a9-bfa5-c13e2f2760b9', '83846b95-ac4f-4013-9fa9-8253e1e4a8c2', N'client_stti_email_calendar', null, 0, null, null, N'SThompson_STTI', '2013-08-26T16:51:41.000', null, null, 0, null)


-- --Table: [dbo].[md_table_list_table]
-- --Insert
INSERT INTO [dbo].[md_table_list_table] ([lst_key], [lst_mdt_name], [lst_select_distinct], [lst_add_user], [lst_add_date], [lst_change_user], [lst_change_date], [lst_delete_flag], [lst_entity_key]) VALUES('83846b95-ac4f-4013-9fa9-8253e1e4a8c2', N'client_stti_email_calendar', 0, N'SThompson_STTI', '2013-08-26T16:51:41.000', null, null, 0, null)


-- --Table: [dbo].[md_workflow_rule]
-- --Table: [dbo].[md_workflow_task]
-- -Creating foreign key: [dbo].[cm_group_item].[FK_cm_group_item_cm_group]
ALTER TABLE [dbo].[cm_group_item] ADD 
	CONSTRAINT [FK_cm_group_item_cm_group] FOREIGN KEY 
	(
		[cgi_cgr_key]
	)REFERENCES [dbo].[cm_group](
		[cgr_key]
	)ON UPDATE NO ACTION ON DELETE CASCADE 

-- -Creating foreign key: [dbo].[cm_group_item_link].[FK_cm_group_item_link_cm_group_item]
ALTER TABLE [dbo].[cm_group_item_link] ADD 
	CONSTRAINT [FK_cm_group_item_link_cm_group_item] FOREIGN KEY 
	(
		[cgl_cgi_key]
	)REFERENCES [dbo].[cm_group_item](
		[cgi_key]
	)ON UPDATE NO ACTION ON DELETE CASCADE 

-- -Creating foreign key: [dbo].[cm_group_item_link].[FK_cm_group_item_link_cm_group_item1]
ALTER TABLE [dbo].[cm_group_item_link] ADD 
	CONSTRAINT [FK_cm_group_item_link_cm_group_item1] FOREIGN KEY 
	(
		[cgl_cgi_key],[cgl_cgr_key]
	)REFERENCES [dbo].[cm_group_item](
		[cgi_key],[cgi_cgr_key]
	)ON UPDATE CASCADE ON DELETE NO ACTION 

-- -Creating foreign key: [dbo].[cm_group_item_link].[FK_cm_group_item_link_cm_group]
ALTER TABLE [dbo].[cm_group_item_link] ADD 
	CONSTRAINT [FK_cm_group_item_link_cm_group] FOREIGN KEY 
	(
		[cgl_cgr_key]
	)REFERENCES [dbo].[cm_group](
		[cgr_key]
	)ON UPDATE NO ACTION ON DELETE NO ACTION 

-- -Creating foreign key: [dbo].[cm_group_item_link].[FK_cm_group_item_link_md_dynamic_form]
ALTER TABLE [dbo].[cm_group_item_link] ADD 
	CONSTRAINT [FK_cm_group_item_link_md_dynamic_form] FOREIGN KEY 
	(
		[cgl_dynamic_form]
	)REFERENCES [dbo].[md_dynamic_form](
		[dyn_key]
	)ON UPDATE NO ACTION ON DELETE CASCADE 

-- -Creating foreign key: [dbo].[cm_group_item_link].[FK_cm_group_item_link_md_report]
ALTER TABLE [dbo].[cm_group_item_link] ADD 
	CONSTRAINT [FK_cm_group_item_link_md_report] FOREIGN KEY 
	(
		[cgl_rpt_key]
	)REFERENCES [dbo].[md_report](
		[rpt_key]
	)ON UPDATE NO ACTION ON DELETE NO ACTION 

-- -Creating foreign key: [dbo].[cm_group_item_link].[FK_cm_group_item_link_md_wizard]
ALTER TABLE [dbo].[cm_group_item_link] ADD 
	CONSTRAINT [FK_cm_group_item_link_md_wizard] FOREIGN KEY 
	(
		[cgl_wiz_key]
	)REFERENCES [dbo].[md_wizard](
		[wiz_key]
	)ON UPDATE NO ACTION ON DELETE NO ACTION 

-- -Creating foreign key: [dbo].[fw_group_x_link].[FK_fw_group_x_link_cm_group_item_link]
ALTER TABLE [dbo].[fw_group_x_link] ADD 
	CONSTRAINT [FK_fw_group_x_link_cm_group_item_link] FOREIGN KEY 
	(
		[fgl_cgl_key]
	)REFERENCES [dbo].[cm_group_item_link](
		[cgl_key]
	)ON UPDATE NO ACTION ON DELETE CASCADE 

-- -Creating foreign key: [dbo].[fw_user_x_link].[FK_fw_user_x_link_cm_group_item_link]
ALTER TABLE [dbo].[fw_user_x_link] ADD 
	CONSTRAINT [FK_fw_user_x_link_cm_group_item_link] FOREIGN KEY 
	(
		[uxl_cgl_key]
	)REFERENCES [dbo].[cm_group_item_link](
		[cgl_key]
	)ON UPDATE NO ACTION ON DELETE NO ACTION 

-- -Creating foreign key: [dbo].[md_page_access].[FK_md_page_access_cm_group_item_link]
ALTER TABLE [dbo].[md_page_access] ADD 
	CONSTRAINT [FK_md_page_access_cm_group_item_link] FOREIGN KEY 
	(
		[mpa_cgl_key]
	)REFERENCES [dbo].[cm_group_item_link](
		[cgl_key]
	)ON UPDATE NO ACTION ON DELETE CASCADE 

-- -Creating foreign key: [dbo].[md_dynamic_form].[FK_md_dynamic_form_cm_group]
ALTER TABLE [dbo].[md_dynamic_form] ADD 
	CONSTRAINT [FK_md_dynamic_form_cm_group] FOREIGN KEY 
	(
		[dyn_cgr_key]
	)REFERENCES [dbo].[cm_group](
		[cgr_key]
	)ON UPDATE NO ACTION ON DELETE NO ACTION 

-- -Creating foreign key: [dbo].[md_object].[FK_md_object_cm_group]
ALTER TABLE [dbo].[md_object] ADD 
	CONSTRAINT [FK_md_object_cm_group] FOREIGN KEY 
	(
		[obj_cgr_key]
	)REFERENCES [dbo].[cm_group](
		[cgr_key]
	)ON UPDATE NO ACTION ON DELETE NO ACTION 


COMMIT TRANSACTION

