/**************************************************************************
-- -Generated by xSQL SDK for Data Comparison and Synchronization
-- -Date/Time: September 11, 2013 10:53:53

-- -Summary: Synchronization script that makes the content of the database sttitestsql01.avhost.ld.netFORUMSTTITEST 
    the same as the content of the database sttitestsql01.avhost.ld.netForumSTTIDev.

    BACKUP the database sttitestsql01.avhost.ld.netFORUMSTTITEST before running this script. 

-- -Action:  Execute this script on sttitestsql01.avhost.ld.netFORUMSTTITEST

-- -SQL Server version: 10.50.4000
**************************************************************************/

SET XACT_ABORT ON
SET ARITHABORT ON
SET NUMERIC_ROUNDABORT OFF


BEGIN TRANSACTION

DECLARE @error INT
DECLARE @ptrBinary varbinary(16)

-- -Dropping foreign key: [dbo].[cm_group_item].[FK_cm_group_item_cm_group]
ALTER TABLE [dbo].[cm_group_item] DROP CONSTRAINT [FK_cm_group_item_cm_group]

-- -Dropping foreign key: [dbo].[cm_group_item_link].[FK_cm_group_item_link_cm_group_item]
ALTER TABLE [dbo].[cm_group_item_link] DROP CONSTRAINT [FK_cm_group_item_link_cm_group_item]

-- -Dropping foreign key: [dbo].[cm_group_item_link].[FK_cm_group_item_link_cm_group_item1]
ALTER TABLE [dbo].[cm_group_item_link] DROP CONSTRAINT [FK_cm_group_item_link_cm_group_item1]

-- -Dropping foreign key: [dbo].[cm_group_item_link].[FK_cm_group_item_link_cm_group]
ALTER TABLE [dbo].[cm_group_item_link] DROP CONSTRAINT [FK_cm_group_item_link_cm_group]

-- -Dropping foreign key: [dbo].[cm_group_item_link].[FK_cm_group_item_link_md_dynamic_form]
ALTER TABLE [dbo].[cm_group_item_link] DROP CONSTRAINT [FK_cm_group_item_link_md_dynamic_form]

-- -Dropping foreign key: [dbo].[cm_group_item_link].[FK_cm_group_item_link_md_report]
ALTER TABLE [dbo].[cm_group_item_link] DROP CONSTRAINT [FK_cm_group_item_link_md_report]

-- -Dropping foreign key: [dbo].[cm_group_item_link].[FK_cm_group_item_link_md_wizard]
ALTER TABLE [dbo].[cm_group_item_link] DROP CONSTRAINT [FK_cm_group_item_link_md_wizard]

-- -Dropping foreign key: [dbo].[fw_group_x_link].[FK_fw_group_x_link_cm_group_item_link]
ALTER TABLE [dbo].[fw_group_x_link] DROP CONSTRAINT [FK_fw_group_x_link_cm_group_item_link]

-- -Dropping foreign key: [dbo].[fw_user_x_link].[FK_fw_user_x_link_cm_group_item_link]
ALTER TABLE [dbo].[fw_user_x_link] DROP CONSTRAINT [FK_fw_user_x_link_cm_group_item_link]

-- -Dropping foreign key: [dbo].[md_page_access].[FK_md_page_access_cm_group_item_link]
ALTER TABLE [dbo].[md_page_access] DROP CONSTRAINT [FK_md_page_access_cm_group_item_link]

-- -Dropping foreign key: [dbo].[md_dynamic_form].[FK_md_dynamic_form_cm_group]
ALTER TABLE [dbo].[md_dynamic_form] DROP CONSTRAINT [FK_md_dynamic_form_cm_group]

-- -Dropping foreign key: [dbo].[md_object].[FK_md_object_cm_group]
ALTER TABLE [dbo].[md_object] DROP CONSTRAINT [FK_md_object_cm_group]

-- --Table: [dbo].[cm_group_item]
-- --Insert
INSERT INTO [dbo].[cm_group_item] ([cgi_key], [cgi_cgr_key], [cgi_code], [cgi_description], [cgi_order], [cgi_add_date], [cgi_add_user], [cgi_change_date], [cgi_change_user], [cgi_delete_flag], [cgi_entity_key]) VALUES('a5a65ec5-4d5d-47bd-982c-6992e6891748', 'f87e6f4d-8fd9-4154-8c57-bb08426dce27', N'STTI Email Trigger Type', N'STTI Email Trigger Type', 1000000, '2013-08-26T16:50:38.000', N'SThompson_STTI', null, null, 1, null)


-- --Table: [dbo].[cm_group_item_link]
-- --Insert
INSERT INTO [dbo].[cm_group_item_link] ([cgl_key], [cgl_cgi_key], [cgl_cgr_key], [cgl_link_text], [cgl_link_path], [cgl_link_file], [cgl_link_param], [cgl_link_descr], [cgl_target_new], [cgl_order], [cgl_exclude_from_bar], [cgl_dynamic_form], [cgl_rpt_key], [cgl_wiz_key], [cgl_list_add_flag], [cgl_help_flag], [cgl_new_browser_flag], [cgl_add_date], [cgl_add_user], [cgl_change_date], [cgl_change_user], [cgl_delete_flag], [cgl_entity_key]) VALUES('c0a17fd4-273f-472c-a62c-028c577f5413', 'a5a65ec5-4d5d-47bd-982c-6992e6891748', 'f87e6f4d-8fd9-4154-8c57-bb08426dce27', N'Query STTI Email Trigger Type', N'/forms', N'DynamicQuery.aspx', null, N'Query STTI Email Trigger Type', 0, 40, 0, '05f0eb09-952c-4e2a-abec-de53c2fb16d8', null, null, 0, 0, 0, '2013-08-26T16:50:38.000', N'SThompson_STTI', null, null, 0, null)
INSERT INTO [dbo].[cm_group_item_link] ([cgl_key], [cgl_cgi_key], [cgl_cgr_key], [cgl_link_text], [cgl_link_path], [cgl_link_file], [cgl_link_param], [cgl_link_descr], [cgl_target_new], [cgl_order], [cgl_exclude_from_bar], [cgl_dynamic_form], [cgl_rpt_key], [cgl_wiz_key], [cgl_list_add_flag], [cgl_help_flag], [cgl_new_browser_flag], [cgl_add_date], [cgl_add_user], [cgl_change_date], [cgl_change_user], [cgl_delete_flag], [cgl_entity_key]) VALUES('2a6d0b77-dc74-41c2-992f-a00935729d3c', 'a5a65ec5-4d5d-47bd-982c-6992e6891748', 'f87e6f4d-8fd9-4154-8c57-bb08426dce27', N'Add STTI Email Trigger Type', N'/forms', N'DynamicEdit.aspx', N'?Action=Add', N'Add STTI Email Trigger Type', 0, 30, 0, '05f0eb09-952c-4e2a-abec-de53c2fb16d8', null, null, 1, 0, 0, '2013-08-26T16:50:38.000', N'SThompson_STTI', null, null, 0, null)
INSERT INTO [dbo].[cm_group_item_link] ([cgl_key], [cgl_cgi_key], [cgl_cgr_key], [cgl_link_text], [cgl_link_path], [cgl_link_file], [cgl_link_param], [cgl_link_descr], [cgl_target_new], [cgl_order], [cgl_exclude_from_bar], [cgl_dynamic_form], [cgl_rpt_key], [cgl_wiz_key], [cgl_list_add_flag], [cgl_help_flag], [cgl_new_browser_flag], [cgl_add_date], [cgl_add_user], [cgl_change_date], [cgl_change_user], [cgl_delete_flag], [cgl_entity_key]) VALUES('27e2c56f-bc60-4a95-b87b-b1b4c855cabc', 'a5a65ec5-4d5d-47bd-982c-6992e6891748', 'f87e6f4d-8fd9-4154-8c57-bb08426dce27', N'List STTI Email Trigger Type', N'/forms', N'DynamicList.aspx', null, N'List STTI Email Trigger Type', 0, 20, 0, '05f0eb09-952c-4e2a-abec-de53c2fb16d8', null, null, 0, 0, 0, '2013-08-26T16:50:38.000', N'SThompson_STTI', null, null, 0, null)
INSERT INTO [dbo].[cm_group_item_link] ([cgl_key], [cgl_cgi_key], [cgl_cgr_key], [cgl_link_text], [cgl_link_path], [cgl_link_file], [cgl_link_param], [cgl_link_descr], [cgl_target_new], [cgl_order], [cgl_exclude_from_bar], [cgl_dynamic_form], [cgl_rpt_key], [cgl_wiz_key], [cgl_list_add_flag], [cgl_help_flag], [cgl_new_browser_flag], [cgl_add_date], [cgl_add_user], [cgl_change_date], [cgl_change_user], [cgl_delete_flag], [cgl_entity_key]) VALUES('b9321407-c11c-4b38-b680-b706a432f007', 'a5a65ec5-4d5d-47bd-982c-6992e6891748', 'f87e6f4d-8fd9-4154-8c57-bb08426dce27', N'Find STTI Email Trigger Type', N'/forms', N'DynamicSearch.aspx', null, N'Find STTI Email Trigger Type', 0, 10, 0, '05f0eb09-952c-4e2a-abec-de53c2fb16d8', null, null, 0, 0, 0, '2013-08-26T16:50:38.000', N'SThompson_STTI', null, null, 1, null)


-- --Table: [dbo].[fw_group_x_link]
-- --Insert
INSERT INTO [dbo].[fw_group_x_link] ([fgl_key], [fgl_grp_code], [fgl_cgl_key], [fgl_add_date], [fgl_add_user], [fgl_change_date], [fgl_change_user], [fgl_delete_flag], [fgl_entity_key]) VALUES('bb71178e-ebe8-4a16-aa40-71828c4e170a', N'AvectraAdmin', 'c0a17fd4-273f-472c-a62c-028c577f5413', '2013-08-26T16:51:00.000', N'AVHOST\svc-sttinf', null, null, 0, null)
INSERT INTO [dbo].[fw_group_x_link] ([fgl_key], [fgl_grp_code], [fgl_cgl_key], [fgl_add_date], [fgl_add_user], [fgl_change_date], [fgl_change_user], [fgl_delete_flag], [fgl_entity_key]) VALUES('7805bfbc-c4ee-43d0-b5d2-e502651328a4', N'AvectraAdmin', '2a6d0b77-dc74-41c2-992f-a00935729d3c', '2013-08-26T16:51:00.000', N'AVHOST\svc-sttinf', null, null, 0, null)
INSERT INTO [dbo].[fw_group_x_link] ([fgl_key], [fgl_grp_code], [fgl_cgl_key], [fgl_add_date], [fgl_add_user], [fgl_change_date], [fgl_change_user], [fgl_delete_flag], [fgl_entity_key]) VALUES('7f68b498-8610-436f-a48b-762b81bb3325', N'AvectraAdmin', '27e2c56f-bc60-4a95-b87b-b1b4c855cabc', '2013-08-26T16:51:00.000', N'AVHOST\svc-sttinf', null, null, 0, null)
INSERT INTO [dbo].[fw_group_x_link] ([fgl_key], [fgl_grp_code], [fgl_cgl_key], [fgl_add_date], [fgl_add_user], [fgl_change_date], [fgl_change_user], [fgl_delete_flag], [fgl_entity_key]) VALUES('84476c07-0947-4256-bd54-c33b6470d6bf', N'AvectraAdmin', 'b9321407-c11c-4b38-b680-b706a432f007', '2013-08-26T16:51:00.000', N'AVHOST\svc-sttinf', null, null, 0, null)
INSERT INTO [dbo].[fw_group_x_link] ([fgl_key], [fgl_grp_code], [fgl_cgl_key], [fgl_add_date], [fgl_add_user], [fgl_change_date], [fgl_change_user], [fgl_delete_flag], [fgl_entity_key]) VALUES('03f652c0-710b-4ec8-856b-535433b17bf3', N'AvectraDev', 'c0a17fd4-273f-472c-a62c-028c577f5413', '2013-08-26T16:51:00.000', N'AVHOST\svc-sttinf', null, null, 0, null)
INSERT INTO [dbo].[fw_group_x_link] ([fgl_key], [fgl_grp_code], [fgl_cgl_key], [fgl_add_date], [fgl_add_user], [fgl_change_date], [fgl_change_user], [fgl_delete_flag], [fgl_entity_key]) VALUES('844e8651-aa8d-4227-9a8f-dea681c229ca', N'AvectraDev', '2a6d0b77-dc74-41c2-992f-a00935729d3c', '2013-08-26T16:51:00.000', N'AVHOST\svc-sttinf', null, null, 0, null)
INSERT INTO [dbo].[fw_group_x_link] ([fgl_key], [fgl_grp_code], [fgl_cgl_key], [fgl_add_date], [fgl_add_user], [fgl_change_date], [fgl_change_user], [fgl_delete_flag], [fgl_entity_key]) VALUES('2b4f73e4-5083-41f3-baab-0f7885cad314', N'AvectraDev', '27e2c56f-bc60-4a95-b87b-b1b4c855cabc', '2013-08-26T16:51:00.000', N'AVHOST\svc-sttinf', null, null, 0, null)
INSERT INTO [dbo].[fw_group_x_link] ([fgl_key], [fgl_grp_code], [fgl_cgl_key], [fgl_add_date], [fgl_add_user], [fgl_change_date], [fgl_change_user], [fgl_delete_flag], [fgl_entity_key]) VALUES('c176ec9e-b2ae-43fd-93ac-37363727253d', N'AvectraDev', 'b9321407-c11c-4b38-b680-b706a432f007', '2013-08-26T16:51:00.000', N'AVHOST\svc-sttinf', null, null, 0, null)
INSERT INTO [dbo].[fw_group_x_link] ([fgl_key], [fgl_grp_code], [fgl_cgl_key], [fgl_add_date], [fgl_add_user], [fgl_change_date], [fgl_change_user], [fgl_delete_flag], [fgl_entity_key]) VALUES('cb27f441-166a-4022-9650-71253fd11193', N'AvectraTesting', 'c0a17fd4-273f-472c-a62c-028c577f5413', '2013-08-26T16:51:00.000', N'AVHOST\svc-sttinf', null, null, 0, null)
INSERT INTO [dbo].[fw_group_x_link] ([fgl_key], [fgl_grp_code], [fgl_cgl_key], [fgl_add_date], [fgl_add_user], [fgl_change_date], [fgl_change_user], [fgl_delete_flag], [fgl_entity_key]) VALUES('2e36fd6f-6ac4-4bf2-83ef-28b4df11dc53', N'AvectraTesting', '2a6d0b77-dc74-41c2-992f-a00935729d3c', '2013-08-26T16:51:00.000', N'AVHOST\svc-sttinf', null, null, 0, null)
INSERT INTO [dbo].[fw_group_x_link] ([fgl_key], [fgl_grp_code], [fgl_cgl_key], [fgl_add_date], [fgl_add_user], [fgl_change_date], [fgl_change_user], [fgl_delete_flag], [fgl_entity_key]) VALUES('2cedddde-dfa3-4d63-86a8-a0f6dbe0a33d', N'AvectraTesting', '27e2c56f-bc60-4a95-b87b-b1b4c855cabc', '2013-08-26T16:51:00.000', N'AVHOST\svc-sttinf', null, null, 0, null)
INSERT INTO [dbo].[fw_group_x_link] ([fgl_key], [fgl_grp_code], [fgl_cgl_key], [fgl_add_date], [fgl_add_user], [fgl_change_date], [fgl_change_user], [fgl_delete_flag], [fgl_entity_key]) VALUES('4c864718-d1c3-40d9-9e73-be26b4337cb4', N'AvectraTesting', 'b9321407-c11c-4b38-b680-b706a432f007', '2013-08-26T16:51:00.000', N'AVHOST\svc-sttinf', null, null, 0, null)
INSERT INTO [dbo].[fw_group_x_link] ([fgl_key], [fgl_grp_code], [fgl_cgl_key], [fgl_add_date], [fgl_add_user], [fgl_change_date], [fgl_change_user], [fgl_delete_flag], [fgl_entity_key]) VALUES('2fc7266b-c59c-4ed0-964e-a60dcede0a79', N'BatchUser', 'c0a17fd4-273f-472c-a62c-028c577f5413', '2013-08-26T16:51:00.000', N'AVHOST\svc-sttinf', null, null, 0, null)
INSERT INTO [dbo].[fw_group_x_link] ([fgl_key], [fgl_grp_code], [fgl_cgl_key], [fgl_add_date], [fgl_add_user], [fgl_change_date], [fgl_change_user], [fgl_delete_flag], [fgl_entity_key]) VALUES('ac49df56-d9c5-48b2-b325-0dd4766f2f9d', N'BatchUser', '2a6d0b77-dc74-41c2-992f-a00935729d3c', '2013-08-26T16:51:00.000', N'AVHOST\svc-sttinf', null, null, 0, null)
INSERT INTO [dbo].[fw_group_x_link] ([fgl_key], [fgl_grp_code], [fgl_cgl_key], [fgl_add_date], [fgl_add_user], [fgl_change_date], [fgl_change_user], [fgl_delete_flag], [fgl_entity_key]) VALUES('f2611d38-461e-4eb0-a656-7e0fc4f59b62', N'BatchUser', '27e2c56f-bc60-4a95-b87b-b1b4c855cabc', '2013-08-26T16:51:00.000', N'AVHOST\svc-sttinf', null, null, 0, null)
INSERT INTO [dbo].[fw_group_x_link] ([fgl_key], [fgl_grp_code], [fgl_cgl_key], [fgl_add_date], [fgl_add_user], [fgl_change_date], [fgl_change_user], [fgl_delete_flag], [fgl_entity_key]) VALUES('15c8d5f2-66b5-417e-ab72-8d89fd636a09', N'BatchUser', 'b9321407-c11c-4b38-b680-b706a432f007', '2013-08-26T16:51:00.000', N'AVHOST\svc-sttinf', null, null, 0, null)
INSERT INTO [dbo].[fw_group_x_link] ([fgl_key], [fgl_grp_code], [fgl_cgl_key], [fgl_add_date], [fgl_add_user], [fgl_change_date], [fgl_change_user], [fgl_delete_flag], [fgl_entity_key]) VALUES('b98234cc-310a-4966-87c8-78d3125c5bb3', N'Event Manager', 'c0a17fd4-273f-472c-a62c-028c577f5413', '2013-08-26T16:51:00.000', N'AVHOST\svc-sttinf', null, null, 0, null)
INSERT INTO [dbo].[fw_group_x_link] ([fgl_key], [fgl_grp_code], [fgl_cgl_key], [fgl_add_date], [fgl_add_user], [fgl_change_date], [fgl_change_user], [fgl_delete_flag], [fgl_entity_key]) VALUES('5858062a-e31a-437d-86a5-da945faabefc', N'Event Manager', '2a6d0b77-dc74-41c2-992f-a00935729d3c', '2013-08-26T16:51:00.000', N'AVHOST\svc-sttinf', null, null, 0, null)
INSERT INTO [dbo].[fw_group_x_link] ([fgl_key], [fgl_grp_code], [fgl_cgl_key], [fgl_add_date], [fgl_add_user], [fgl_change_date], [fgl_change_user], [fgl_delete_flag], [fgl_entity_key]) VALUES('ad465a8c-1ccc-4f39-9415-622c6ee3d59c', N'Event Manager', '27e2c56f-bc60-4a95-b87b-b1b4c855cabc', '2013-08-26T16:51:00.000', N'AVHOST\svc-sttinf', null, null, 0, null)
INSERT INTO [dbo].[fw_group_x_link] ([fgl_key], [fgl_grp_code], [fgl_cgl_key], [fgl_add_date], [fgl_add_user], [fgl_change_date], [fgl_change_user], [fgl_delete_flag], [fgl_entity_key]) VALUES('38a54b63-1213-42a7-9569-5f90f2233cdf', N'Event Manager', 'b9321407-c11c-4b38-b680-b706a432f007', '2013-08-26T16:51:00.000', N'AVHOST\svc-sttinf', null, null, 0, null)
INSERT INTO [dbo].[fw_group_x_link] ([fgl_key], [fgl_grp_code], [fgl_cgl_key], [fgl_add_date], [fgl_add_user], [fgl_change_date], [fgl_change_user], [fgl_delete_flag], [fgl_entity_key]) VALUES('bb41a105-b3ba-4bd6-a9a7-8c05fd4391ba', N'Event Staff', 'c0a17fd4-273f-472c-a62c-028c577f5413', '2013-08-26T16:51:00.000', N'AVHOST\svc-sttinf', null, null, 0, null)
INSERT INTO [dbo].[fw_group_x_link] ([fgl_key], [fgl_grp_code], [fgl_cgl_key], [fgl_add_date], [fgl_add_user], [fgl_change_date], [fgl_change_user], [fgl_delete_flag], [fgl_entity_key]) VALUES('235dfbf7-d2af-4ff9-a459-a835df7e7330', N'Event Staff', '2a6d0b77-dc74-41c2-992f-a00935729d3c', '2013-08-26T16:51:00.000', N'AVHOST\svc-sttinf', null, null, 0, null)
INSERT INTO [dbo].[fw_group_x_link] ([fgl_key], [fgl_grp_code], [fgl_cgl_key], [fgl_add_date], [fgl_add_user], [fgl_change_date], [fgl_change_user], [fgl_delete_flag], [fgl_entity_key]) VALUES('852b0ece-0557-4d15-ab3e-acc8c5852ea7', N'Event Staff', '27e2c56f-bc60-4a95-b87b-b1b4c855cabc', '2013-08-26T16:51:00.000', N'AVHOST\svc-sttinf', null, null, 0, null)
INSERT INTO [dbo].[fw_group_x_link] ([fgl_key], [fgl_grp_code], [fgl_cgl_key], [fgl_add_date], [fgl_add_user], [fgl_change_date], [fgl_change_user], [fgl_delete_flag], [fgl_entity_key]) VALUES('433f1e90-81cc-4a2c-bce6-b3a87f9576ba', N'Event Staff', 'b9321407-c11c-4b38-b680-b706a432f007', '2013-08-26T16:51:00.000', N'AVHOST\svc-sttinf', null, null, 0, null)
INSERT INTO [dbo].[fw_group_x_link] ([fgl_key], [fgl_grp_code], [fgl_cgl_key], [fgl_add_date], [fgl_add_user], [fgl_change_date], [fgl_change_user], [fgl_delete_flag], [fgl_entity_key]) VALUES('600cb5a2-7839-470e-965e-414fad94c910', N'netFORUMAdmin', 'c0a17fd4-273f-472c-a62c-028c577f5413', '2013-08-26T16:51:00.000', N'AVHOST\svc-sttinf', null, null, 0, null)
INSERT INTO [dbo].[fw_group_x_link] ([fgl_key], [fgl_grp_code], [fgl_cgl_key], [fgl_add_date], [fgl_add_user], [fgl_change_date], [fgl_change_user], [fgl_delete_flag], [fgl_entity_key]) VALUES('62b9a7ea-46ef-4bbb-ad73-88bc3dcbfa61', N'netFORUMAdmin', '2a6d0b77-dc74-41c2-992f-a00935729d3c', '2013-08-26T16:51:00.000', N'AVHOST\svc-sttinf', null, null, 0, null)
INSERT INTO [dbo].[fw_group_x_link] ([fgl_key], [fgl_grp_code], [fgl_cgl_key], [fgl_add_date], [fgl_add_user], [fgl_change_date], [fgl_change_user], [fgl_delete_flag], [fgl_entity_key]) VALUES('fa8ae6d5-139d-4103-aea2-912d5fcd0006', N'netFORUMAdmin', '27e2c56f-bc60-4a95-b87b-b1b4c855cabc', '2013-08-26T16:51:00.000', N'AVHOST\svc-sttinf', null, null, 0, null)
INSERT INTO [dbo].[fw_group_x_link] ([fgl_key], [fgl_grp_code], [fgl_cgl_key], [fgl_add_date], [fgl_add_user], [fgl_change_date], [fgl_change_user], [fgl_delete_flag], [fgl_entity_key]) VALUES('224bcb1a-312a-4915-863c-4b39513541a6', N'netFORUMAdmin', 'b9321407-c11c-4b38-b680-b706a432f007', '2013-08-26T16:51:00.000', N'AVHOST\svc-sttinf', null, null, 0, null)
INSERT INTO [dbo].[fw_group_x_link] ([fgl_key], [fgl_grp_code], [fgl_cgl_key], [fgl_add_date], [fgl_add_user], [fgl_change_date], [fgl_change_user], [fgl_delete_flag], [fgl_entity_key]) VALUES('75e89a2a-2f91-4f57-8550-1edc38477ab3', N'netFORUMCMS', 'c0a17fd4-273f-472c-a62c-028c577f5413', '2013-08-26T16:51:00.000', N'AVHOST\svc-sttinf', null, null, 0, null)
INSERT INTO [dbo].[fw_group_x_link] ([fgl_key], [fgl_grp_code], [fgl_cgl_key], [fgl_add_date], [fgl_add_user], [fgl_change_date], [fgl_change_user], [fgl_delete_flag], [fgl_entity_key]) VALUES('2e30ace0-2357-4f21-9b0c-a896d8d15ef7', N'netFORUMCMS', '2a6d0b77-dc74-41c2-992f-a00935729d3c', '2013-08-26T16:51:00.000', N'AVHOST\svc-sttinf', null, null, 0, null)
INSERT INTO [dbo].[fw_group_x_link] ([fgl_key], [fgl_grp_code], [fgl_cgl_key], [fgl_add_date], [fgl_add_user], [fgl_change_date], [fgl_change_user], [fgl_delete_flag], [fgl_entity_key]) VALUES('99aa57fc-d370-4b2a-bf5b-098b10288390', N'netFORUMCMS', '27e2c56f-bc60-4a95-b87b-b1b4c855cabc', '2013-08-26T16:51:00.000', N'AVHOST\svc-sttinf', null, null, 0, null)
INSERT INTO [dbo].[fw_group_x_link] ([fgl_key], [fgl_grp_code], [fgl_cgl_key], [fgl_add_date], [fgl_add_user], [fgl_change_date], [fgl_change_user], [fgl_delete_flag], [fgl_entity_key]) VALUES('4e72760b-cae4-4404-a2d9-2430914656c9', N'netFORUMCMS', 'b9321407-c11c-4b38-b680-b706a432f007', '2013-08-26T16:51:00.000', N'AVHOST\svc-sttinf', null, null, 0, null)
INSERT INTO [dbo].[fw_group_x_link] ([fgl_key], [fgl_grp_code], [fgl_cgl_key], [fgl_add_date], [fgl_add_user], [fgl_change_date], [fgl_change_user], [fgl_delete_flag], [fgl_entity_key]) VALUES('b060e62a-88a3-4de1-a65d-d2bf73dc0b57', N'netFORUMCMSApprover', 'c0a17fd4-273f-472c-a62c-028c577f5413', '2013-08-26T16:51:00.000', N'AVHOST\svc-sttinf', null, null, 0, null)
INSERT INTO [dbo].[fw_group_x_link] ([fgl_key], [fgl_grp_code], [fgl_cgl_key], [fgl_add_date], [fgl_add_user], [fgl_change_date], [fgl_change_user], [fgl_delete_flag], [fgl_entity_key]) VALUES('d7829241-1d88-4a3a-b88c-5e1ca34f5460', N'netFORUMCMSApprover', '2a6d0b77-dc74-41c2-992f-a00935729d3c', '2013-08-26T16:51:00.000', N'AVHOST\svc-sttinf', null, null, 0, null)
INSERT INTO [dbo].[fw_group_x_link] ([fgl_key], [fgl_grp_code], [fgl_cgl_key], [fgl_add_date], [fgl_add_user], [fgl_change_date], [fgl_change_user], [fgl_delete_flag], [fgl_entity_key]) VALUES('d840ef7a-ccaa-4dfa-8976-652e5117d894', N'netFORUMCMSApprover', '27e2c56f-bc60-4a95-b87b-b1b4c855cabc', '2013-08-26T16:51:00.000', N'AVHOST\svc-sttinf', null, null, 0, null)
INSERT INTO [dbo].[fw_group_x_link] ([fgl_key], [fgl_grp_code], [fgl_cgl_key], [fgl_add_date], [fgl_add_user], [fgl_change_date], [fgl_change_user], [fgl_delete_flag], [fgl_entity_key]) VALUES('d137bbd6-fda4-47a7-b50b-a36a0a1b6288', N'netFORUMCMSApprover', 'b9321407-c11c-4b38-b680-b706a432f007', '2013-08-26T16:51:00.000', N'AVHOST\svc-sttinf', null, null, 0, null)
INSERT INTO [dbo].[fw_group_x_link] ([fgl_key], [fgl_grp_code], [fgl_cgl_key], [fgl_add_date], [fgl_add_user], [fgl_change_date], [fgl_change_user], [fgl_delete_flag], [fgl_entity_key]) VALUES('6cd6321e-bab4-45c9-9ca6-66cf553d085b', N'netFORUMCMSPublisher', 'c0a17fd4-273f-472c-a62c-028c577f5413', '2013-08-26T16:51:00.000', N'AVHOST\svc-sttinf', null, null, 0, null)
INSERT INTO [dbo].[fw_group_x_link] ([fgl_key], [fgl_grp_code], [fgl_cgl_key], [fgl_add_date], [fgl_add_user], [fgl_change_date], [fgl_change_user], [fgl_delete_flag], [fgl_entity_key]) VALUES('cd5a7aab-7eb1-4e5e-92e5-aa3fee7c5058', N'netFORUMCMSPublisher', '2a6d0b77-dc74-41c2-992f-a00935729d3c', '2013-08-26T16:51:00.000', N'AVHOST\svc-sttinf', null, null, 0, null)
INSERT INTO [dbo].[fw_group_x_link] ([fgl_key], [fgl_grp_code], [fgl_cgl_key], [fgl_add_date], [fgl_add_user], [fgl_change_date], [fgl_change_user], [fgl_delete_flag], [fgl_entity_key]) VALUES('79fa2970-15f2-44d0-aee4-94e8a213d620', N'netFORUMCMSPublisher', '27e2c56f-bc60-4a95-b87b-b1b4c855cabc', '2013-08-26T16:51:00.000', N'AVHOST\svc-sttinf', null, null, 0, null)
INSERT INTO [dbo].[fw_group_x_link] ([fgl_key], [fgl_grp_code], [fgl_cgl_key], [fgl_add_date], [fgl_add_user], [fgl_change_date], [fgl_change_user], [fgl_delete_flag], [fgl_entity_key]) VALUES('08440dfe-0f75-40fc-a6b0-2ee40c63e9ec', N'netFORUMCMSPublisher', 'b9321407-c11c-4b38-b680-b706a432f007', '2013-08-26T16:51:00.000', N'AVHOST\svc-sttinf', null, null, 0, null)
INSERT INTO [dbo].[fw_group_x_link] ([fgl_key], [fgl_grp_code], [fgl_cgl_key], [fgl_add_date], [fgl_add_user], [fgl_change_date], [fgl_change_user], [fgl_delete_flag], [fgl_entity_key]) VALUES('5743a7aa-53f2-4840-b022-aac91ac0a1b9', N'netFORUMCMSWriter', 'c0a17fd4-273f-472c-a62c-028c577f5413', '2013-08-26T16:51:00.000', N'AVHOST\svc-sttinf', null, null, 0, null)
INSERT INTO [dbo].[fw_group_x_link] ([fgl_key], [fgl_grp_code], [fgl_cgl_key], [fgl_add_date], [fgl_add_user], [fgl_change_date], [fgl_change_user], [fgl_delete_flag], [fgl_entity_key]) VALUES('ffe8a0ca-e0fd-487c-8d7d-8e96d53ae71b', N'netFORUMCMSWriter', '2a6d0b77-dc74-41c2-992f-a00935729d3c', '2013-08-26T16:51:00.000', N'AVHOST\svc-sttinf', null, null, 0, null)
INSERT INTO [dbo].[fw_group_x_link] ([fgl_key], [fgl_grp_code], [fgl_cgl_key], [fgl_add_date], [fgl_add_user], [fgl_change_date], [fgl_change_user], [fgl_delete_flag], [fgl_entity_key]) VALUES('d08e1702-0968-469e-904d-34970a695689', N'netFORUMCMSWriter', '27e2c56f-bc60-4a95-b87b-b1b4c855cabc', '2013-08-26T16:51:00.000', N'AVHOST\svc-sttinf', null, null, 0, null)
INSERT INTO [dbo].[fw_group_x_link] ([fgl_key], [fgl_grp_code], [fgl_cgl_key], [fgl_add_date], [fgl_add_user], [fgl_change_date], [fgl_change_user], [fgl_delete_flag], [fgl_entity_key]) VALUES('17674c3e-698f-4d4b-939d-3183189965f7', N'netFORUMCMSWriter', 'b9321407-c11c-4b38-b680-b706a432f007', '2013-08-26T16:51:00.000', N'AVHOST\svc-sttinf', null, null, 0, null)
INSERT INTO [dbo].[fw_group_x_link] ([fgl_key], [fgl_grp_code], [fgl_cgl_key], [fgl_add_date], [fgl_add_user], [fgl_change_date], [fgl_change_user], [fgl_delete_flag], [fgl_entity_key]) VALUES('c2292d14-ce81-450a-ba71-32a15fefc3da', N'netFORUMReport', 'c0a17fd4-273f-472c-a62c-028c577f5413', '2013-08-26T16:51:00.000', N'AVHOST\svc-sttinf', null, null, 0, null)
INSERT INTO [dbo].[fw_group_x_link] ([fgl_key], [fgl_grp_code], [fgl_cgl_key], [fgl_add_date], [fgl_add_user], [fgl_change_date], [fgl_change_user], [fgl_delete_flag], [fgl_entity_key]) VALUES('a74f61e9-6cb6-453a-97de-a88b86522fa0', N'netFORUMReport', '2a6d0b77-dc74-41c2-992f-a00935729d3c', '2013-08-26T16:51:00.000', N'AVHOST\svc-sttinf', null, null, 0, null)
INSERT INTO [dbo].[fw_group_x_link] ([fgl_key], [fgl_grp_code], [fgl_cgl_key], [fgl_add_date], [fgl_add_user], [fgl_change_date], [fgl_change_user], [fgl_delete_flag], [fgl_entity_key]) VALUES('0010d8b0-3487-4087-a6a7-7bed5965a181', N'netFORUMReport', '27e2c56f-bc60-4a95-b87b-b1b4c855cabc', '2013-08-26T16:51:00.000', N'AVHOST\svc-sttinf', null, null, 0, null)
INSERT INTO [dbo].[fw_group_x_link] ([fgl_key], [fgl_grp_code], [fgl_cgl_key], [fgl_add_date], [fgl_add_user], [fgl_change_date], [fgl_change_user], [fgl_delete_flag], [fgl_entity_key]) VALUES('e400c29f-8129-4a42-a123-0236325a1db1', N'netFORUMReport', 'b9321407-c11c-4b38-b680-b706a432f007', '2013-08-26T16:51:00.000', N'AVHOST\svc-sttinf', null, null, 0, null)
INSERT INTO [dbo].[fw_group_x_link] ([fgl_key], [fgl_grp_code], [fgl_cgl_key], [fgl_add_date], [fgl_add_user], [fgl_change_date], [fgl_change_user], [fgl_delete_flag], [fgl_entity_key]) VALUES('363a4d96-5c10-48e4-8164-cf1519e55868', N'netFORUMUser', 'c0a17fd4-273f-472c-a62c-028c577f5413', '2013-08-26T16:51:00.000', N'AVHOST\svc-sttinf', null, null, 0, null)
INSERT INTO [dbo].[fw_group_x_link] ([fgl_key], [fgl_grp_code], [fgl_cgl_key], [fgl_add_date], [fgl_add_user], [fgl_change_date], [fgl_change_user], [fgl_delete_flag], [fgl_entity_key]) VALUES('f68fb480-4aec-4ef9-8fc5-99af29e17eb7', N'netFORUMUser', '2a6d0b77-dc74-41c2-992f-a00935729d3c', '2013-08-26T16:51:00.000', N'AVHOST\svc-sttinf', null, null, 0, null)
INSERT INTO [dbo].[fw_group_x_link] ([fgl_key], [fgl_grp_code], [fgl_cgl_key], [fgl_add_date], [fgl_add_user], [fgl_change_date], [fgl_change_user], [fgl_delete_flag], [fgl_entity_key]) VALUES('8598fbdd-acf1-497a-924b-fc3d0e3aa977', N'netFORUMUser', '27e2c56f-bc60-4a95-b87b-b1b4c855cabc', '2013-08-26T16:51:00.000', N'AVHOST\svc-sttinf', null, null, 0, null)
INSERT INTO [dbo].[fw_group_x_link] ([fgl_key], [fgl_grp_code], [fgl_cgl_key], [fgl_add_date], [fgl_add_user], [fgl_change_date], [fgl_change_user], [fgl_delete_flag], [fgl_entity_key]) VALUES('e90835a9-4c93-4036-ad18-793414d56ee8', N'netFORUMUser', 'b9321407-c11c-4b38-b680-b706a432f007', '2013-08-26T16:51:00.000', N'AVHOST\svc-sttinf', null, null, 0, null)
INSERT INTO [dbo].[fw_group_x_link] ([fgl_key], [fgl_grp_code], [fgl_cgl_key], [fgl_add_date], [fgl_add_user], [fgl_change_date], [fgl_change_user], [fgl_delete_flag], [fgl_entity_key]) VALUES('8a4faa2a-d77e-477a-b2cb-87c537b5b405', N'New Event Staff', 'c0a17fd4-273f-472c-a62c-028c577f5413', '2013-08-26T16:51:00.000', N'AVHOST\svc-sttinf', null, null, 0, null)
INSERT INTO [dbo].[fw_group_x_link] ([fgl_key], [fgl_grp_code], [fgl_cgl_key], [fgl_add_date], [fgl_add_user], [fgl_change_date], [fgl_change_user], [fgl_delete_flag], [fgl_entity_key]) VALUES('7f6419bf-c8b9-4bb8-9466-21051e473ba2', N'New Event Staff', '2a6d0b77-dc74-41c2-992f-a00935729d3c', '2013-08-26T16:51:00.000', N'AVHOST\svc-sttinf', null, null, 0, null)
INSERT INTO [dbo].[fw_group_x_link] ([fgl_key], [fgl_grp_code], [fgl_cgl_key], [fgl_add_date], [fgl_add_user], [fgl_change_date], [fgl_change_user], [fgl_delete_flag], [fgl_entity_key]) VALUES('7993b19e-3046-4611-8a5b-bcdc8f15371f', N'New Event Staff', '27e2c56f-bc60-4a95-b87b-b1b4c855cabc', '2013-08-26T16:51:00.000', N'AVHOST\svc-sttinf', null, null, 0, null)
INSERT INTO [dbo].[fw_group_x_link] ([fgl_key], [fgl_grp_code], [fgl_cgl_key], [fgl_add_date], [fgl_add_user], [fgl_change_date], [fgl_change_user], [fgl_delete_flag], [fgl_entity_key]) VALUES('657e3bac-4d1c-4743-8145-976d61a2a8d4', N'New Event Staff', 'b9321407-c11c-4b38-b680-b706a432f007', '2013-08-26T16:51:00.000', N'AVHOST\svc-sttinf', null, null, 0, null)
INSERT INTO [dbo].[fw_group_x_link] ([fgl_key], [fgl_grp_code], [fgl_cgl_key], [fgl_add_date], [fgl_add_user], [fgl_change_date], [fgl_change_user], [fgl_delete_flag], [fgl_entity_key]) VALUES('a963cdef-5306-4bdf-a3fb-856c42101482', N'onDemandUsers', 'c0a17fd4-273f-472c-a62c-028c577f5413', '2013-08-26T16:51:00.000', N'AVHOST\svc-sttinf', null, null, 0, null)
INSERT INTO [dbo].[fw_group_x_link] ([fgl_key], [fgl_grp_code], [fgl_cgl_key], [fgl_add_date], [fgl_add_user], [fgl_change_date], [fgl_change_user], [fgl_delete_flag], [fgl_entity_key]) VALUES('f825970d-4c4e-4ad9-a40c-2f54d51913cb', N'onDemandUsers', '2a6d0b77-dc74-41c2-992f-a00935729d3c', '2013-08-26T16:51:00.000', N'AVHOST\svc-sttinf', null, null, 0, null)
INSERT INTO [dbo].[fw_group_x_link] ([fgl_key], [fgl_grp_code], [fgl_cgl_key], [fgl_add_date], [fgl_add_user], [fgl_change_date], [fgl_change_user], [fgl_delete_flag], [fgl_entity_key]) VALUES('1693f1ed-5fd0-40c5-b377-5b5d415900e5', N'onDemandUsers', '27e2c56f-bc60-4a95-b87b-b1b4c855cabc', '2013-08-26T16:51:00.000', N'AVHOST\svc-sttinf', null, null, 0, null)
INSERT INTO [dbo].[fw_group_x_link] ([fgl_key], [fgl_grp_code], [fgl_cgl_key], [fgl_add_date], [fgl_add_user], [fgl_change_date], [fgl_change_user], [fgl_delete_flag], [fgl_entity_key]) VALUES('d569808f-93e3-4c19-bcff-d6ee50bf98de', N'onDemandUsers', 'b9321407-c11c-4b38-b680-b706a432f007', '2013-08-26T16:51:00.000', N'AVHOST\svc-sttinf', null, null, 0, null)
INSERT INTO [dbo].[fw_group_x_link] ([fgl_key], [fgl_grp_code], [fgl_cgl_key], [fgl_add_date], [fgl_add_user], [fgl_change_date], [fgl_change_user], [fgl_delete_flag], [fgl_entity_key]) VALUES('259f3523-8198-47fd-acd0-0568dc3a1209', N'SecurityTestGroup', 'c0a17fd4-273f-472c-a62c-028c577f5413', '2013-08-26T16:51:00.000', N'AVHOST\svc-sttinf', null, null, 0, null)
INSERT INTO [dbo].[fw_group_x_link] ([fgl_key], [fgl_grp_code], [fgl_cgl_key], [fgl_add_date], [fgl_add_user], [fgl_change_date], [fgl_change_user], [fgl_delete_flag], [fgl_entity_key]) VALUES('8b5f58b4-c2df-4ce0-8468-608619c392ce', N'SecurityTestGroup', '2a6d0b77-dc74-41c2-992f-a00935729d3c', '2013-08-26T16:51:00.000', N'AVHOST\svc-sttinf', null, null, 0, null)
INSERT INTO [dbo].[fw_group_x_link] ([fgl_key], [fgl_grp_code], [fgl_cgl_key], [fgl_add_date], [fgl_add_user], [fgl_change_date], [fgl_change_user], [fgl_delete_flag], [fgl_entity_key]) VALUES('04bd1075-4d54-44e3-b144-720e8178142c', N'SecurityTestGroup', '27e2c56f-bc60-4a95-b87b-b1b4c855cabc', '2013-08-26T16:51:00.000', N'AVHOST\svc-sttinf', null, null, 0, null)
INSERT INTO [dbo].[fw_group_x_link] ([fgl_key], [fgl_grp_code], [fgl_cgl_key], [fgl_add_date], [fgl_add_user], [fgl_change_date], [fgl_change_user], [fgl_delete_flag], [fgl_entity_key]) VALUES('cf4d6592-232c-410b-ac73-f1569db0f96c', N'SecurityTestGroup', 'b9321407-c11c-4b38-b680-b706a432f007', '2013-08-26T16:51:00.000', N'AVHOST\svc-sttinf', null, null, 0, null)
INSERT INTO [dbo].[fw_group_x_link] ([fgl_key], [fgl_grp_code], [fgl_cgl_key], [fgl_add_date], [fgl_add_user], [fgl_change_date], [fgl_change_user], [fgl_delete_flag], [fgl_entity_key]) VALUES('8d1b6108-d78e-4b4e-bf2d-5ebdbd5f0964', N'Support', 'c0a17fd4-273f-472c-a62c-028c577f5413', '2013-08-26T16:51:00.000', N'AVHOST\svc-sttinf', null, null, 0, null)
INSERT INTO [dbo].[fw_group_x_link] ([fgl_key], [fgl_grp_code], [fgl_cgl_key], [fgl_add_date], [fgl_add_user], [fgl_change_date], [fgl_change_user], [fgl_delete_flag], [fgl_entity_key]) VALUES('56eb288c-cc09-425e-af64-32dbe102b772', N'Support', '2a6d0b77-dc74-41c2-992f-a00935729d3c', '2013-08-26T16:51:00.000', N'AVHOST\svc-sttinf', null, null, 0, null)
INSERT INTO [dbo].[fw_group_x_link] ([fgl_key], [fgl_grp_code], [fgl_cgl_key], [fgl_add_date], [fgl_add_user], [fgl_change_date], [fgl_change_user], [fgl_delete_flag], [fgl_entity_key]) VALUES('5ca882a5-f893-4211-b796-e30896384464', N'Support', '27e2c56f-bc60-4a95-b87b-b1b4c855cabc', '2013-08-26T16:51:00.000', N'AVHOST\svc-sttinf', null, null, 0, null)
INSERT INTO [dbo].[fw_group_x_link] ([fgl_key], [fgl_grp_code], [fgl_cgl_key], [fgl_add_date], [fgl_add_user], [fgl_change_date], [fgl_change_user], [fgl_delete_flag], [fgl_entity_key]) VALUES('ead72d1f-42e1-4ca7-9ce1-60f3640cccea', N'Support', 'b9321407-c11c-4b38-b680-b706a432f007', '2013-08-26T16:51:00.000', N'AVHOST\svc-sttinf', null, null, 0, null)
INSERT INTO [dbo].[fw_group_x_link] ([fgl_key], [fgl_grp_code], [fgl_cgl_key], [fgl_add_date], [fgl_add_user], [fgl_change_date], [fgl_change_user], [fgl_delete_flag], [fgl_entity_key]) VALUES('477c7a77-df82-4793-b6f1-ed2e76ae1318', N'TestGroup', 'c0a17fd4-273f-472c-a62c-028c577f5413', '2013-08-26T16:51:00.000', N'AVHOST\svc-sttinf', null, null, 0, null)
INSERT INTO [dbo].[fw_group_x_link] ([fgl_key], [fgl_grp_code], [fgl_cgl_key], [fgl_add_date], [fgl_add_user], [fgl_change_date], [fgl_change_user], [fgl_delete_flag], [fgl_entity_key]) VALUES('e113ff98-d4ad-4f9e-8ef1-a2704eaa6876', N'TestGroup', '2a6d0b77-dc74-41c2-992f-a00935729d3c', '2013-08-26T16:51:00.000', N'AVHOST\svc-sttinf', null, null, 0, null)
INSERT INTO [dbo].[fw_group_x_link] ([fgl_key], [fgl_grp_code], [fgl_cgl_key], [fgl_add_date], [fgl_add_user], [fgl_change_date], [fgl_change_user], [fgl_delete_flag], [fgl_entity_key]) VALUES('8511648b-9128-4b33-b903-0cf7b9fca6a5', N'TestGroup', '27e2c56f-bc60-4a95-b87b-b1b4c855cabc', '2013-08-26T16:51:00.000', N'AVHOST\svc-sttinf', null, null, 0, null)
INSERT INTO [dbo].[fw_group_x_link] ([fgl_key], [fgl_grp_code], [fgl_cgl_key], [fgl_add_date], [fgl_add_user], [fgl_change_date], [fgl_change_user], [fgl_delete_flag], [fgl_entity_key]) VALUES('f8cf8c53-8c22-434a-bff9-6c9d0010c5db', N'TestGroup', 'b9321407-c11c-4b38-b680-b706a432f007', '2013-08-26T16:51:00.000', N'AVHOST\svc-sttinf', null, null, 0, null)
INSERT INTO [dbo].[fw_group_x_link] ([fgl_key], [fgl_grp_code], [fgl_cgl_key], [fgl_add_date], [fgl_add_user], [fgl_change_date], [fgl_change_user], [fgl_delete_flag], [fgl_entity_key]) VALUES('2f85eb04-db59-43e8-aa09-bdf236e061ab', N'WealthEngineGroup', 'c0a17fd4-273f-472c-a62c-028c577f5413', '2013-08-26T16:51:00.000', N'AVHOST\svc-sttinf', null, null, 0, null)
INSERT INTO [dbo].[fw_group_x_link] ([fgl_key], [fgl_grp_code], [fgl_cgl_key], [fgl_add_date], [fgl_add_user], [fgl_change_date], [fgl_change_user], [fgl_delete_flag], [fgl_entity_key]) VALUES('1336ed94-e95e-433f-bc7b-b8cb0ff4ea29', N'WealthEngineGroup', '2a6d0b77-dc74-41c2-992f-a00935729d3c', '2013-08-26T16:51:00.000', N'AVHOST\svc-sttinf', null, null, 0, null)
INSERT INTO [dbo].[fw_group_x_link] ([fgl_key], [fgl_grp_code], [fgl_cgl_key], [fgl_add_date], [fgl_add_user], [fgl_change_date], [fgl_change_user], [fgl_delete_flag], [fgl_entity_key]) VALUES('2f48a4f0-1c22-4e1c-81e0-08f75a6a4400', N'WealthEngineGroup', '27e2c56f-bc60-4a95-b87b-b1b4c855cabc', '2013-08-26T16:51:00.000', N'AVHOST\svc-sttinf', null, null, 0, null)
INSERT INTO [dbo].[fw_group_x_link] ([fgl_key], [fgl_grp_code], [fgl_cgl_key], [fgl_add_date], [fgl_add_user], [fgl_change_date], [fgl_change_user], [fgl_delete_flag], [fgl_entity_key]) VALUES('4d807c27-c9a5-4b20-8cbd-d6ba475b132c', N'WealthEngineGroup', 'b9321407-c11c-4b38-b680-b706a432f007', '2013-08-26T16:51:00.000', N'AVHOST\svc-sttinf', null, null, 0, null)
INSERT INTO [dbo].[fw_group_x_link] ([fgl_key], [fgl_grp_code], [fgl_cgl_key], [fgl_add_date], [fgl_add_user], [fgl_change_date], [fgl_change_user], [fgl_delete_flag], [fgl_entity_key]) VALUES('011e5d82-95d3-4296-8efc-b635a542409d', N'xWebUser', 'c0a17fd4-273f-472c-a62c-028c577f5413', '2013-08-26T16:51:00.000', N'AVHOST\svc-sttinf', null, null, 0, null)
INSERT INTO [dbo].[fw_group_x_link] ([fgl_key], [fgl_grp_code], [fgl_cgl_key], [fgl_add_date], [fgl_add_user], [fgl_change_date], [fgl_change_user], [fgl_delete_flag], [fgl_entity_key]) VALUES('171c6863-8cb6-46d6-bdba-b162b259c110', N'xWebUser', '2a6d0b77-dc74-41c2-992f-a00935729d3c', '2013-08-26T16:51:00.000', N'AVHOST\svc-sttinf', null, null, 0, null)
INSERT INTO [dbo].[fw_group_x_link] ([fgl_key], [fgl_grp_code], [fgl_cgl_key], [fgl_add_date], [fgl_add_user], [fgl_change_date], [fgl_change_user], [fgl_delete_flag], [fgl_entity_key]) VALUES('7ddcf05c-0901-4ba8-a471-7bb449eaa851', N'xWebUser', '27e2c56f-bc60-4a95-b87b-b1b4c855cabc', '2013-08-26T16:51:00.000', N'AVHOST\svc-sttinf', null, null, 0, null)
INSERT INTO [dbo].[fw_group_x_link] ([fgl_key], [fgl_grp_code], [fgl_cgl_key], [fgl_add_date], [fgl_add_user], [fgl_change_date], [fgl_change_user], [fgl_delete_flag], [fgl_entity_key]) VALUES('59aa9268-c3e2-4458-9f2b-9c09164ce69d', N'xWebUser', 'b9321407-c11c-4b38-b680-b706a432f007', '2013-08-26T16:51:00.000', N'AVHOST\svc-sttinf', null, null, 0, null)
INSERT INTO [dbo].[fw_group_x_link] ([fgl_key], [fgl_grp_code], [fgl_cgl_key], [fgl_add_date], [fgl_add_user], [fgl_change_date], [fgl_change_user], [fgl_delete_flag], [fgl_entity_key]) VALUES('0e53096a-2b3f-4a8e-b0e0-7eeca279459b', N'ZarcaUser', 'c0a17fd4-273f-472c-a62c-028c577f5413', '2013-08-26T16:51:00.000', N'AVHOST\svc-sttinf', null, null, 0, null)
INSERT INTO [dbo].[fw_group_x_link] ([fgl_key], [fgl_grp_code], [fgl_cgl_key], [fgl_add_date], [fgl_add_user], [fgl_change_date], [fgl_change_user], [fgl_delete_flag], [fgl_entity_key]) VALUES('1105bd8e-cb5f-4532-bb67-39a0a7e2a83c', N'ZarcaUser', '2a6d0b77-dc74-41c2-992f-a00935729d3c', '2013-08-26T16:51:00.000', N'AVHOST\svc-sttinf', null, null, 0, null)
INSERT INTO [dbo].[fw_group_x_link] ([fgl_key], [fgl_grp_code], [fgl_cgl_key], [fgl_add_date], [fgl_add_user], [fgl_change_date], [fgl_change_user], [fgl_delete_flag], [fgl_entity_key]) VALUES('722c1b49-7791-4382-9bbd-7edc37693a37', N'ZarcaUser', '27e2c56f-bc60-4a95-b87b-b1b4c855cabc', '2013-08-26T16:51:00.000', N'AVHOST\svc-sttinf', null, null, 0, null)
INSERT INTO [dbo].[fw_group_x_link] ([fgl_key], [fgl_grp_code], [fgl_cgl_key], [fgl_add_date], [fgl_add_user], [fgl_change_date], [fgl_change_user], [fgl_delete_flag], [fgl_entity_key]) VALUES('37487b75-9a95-4cc9-ab90-28555ae0f77a', N'ZarcaUser', 'b9321407-c11c-4b38-b680-b706a432f007', '2013-08-26T16:51:00.000', N'AVHOST\svc-sttinf', null, null, 0, null)


-- --Table: [dbo].[fw_system_option]
-- --Table: [dbo].[md_column]
-- --Insert
INSERT INTO [dbo].[md_column] ([mdc_key], [mdc_name], [mdc_mdt_name], [mdc_table_name], [mdc_ext], [mdc_description], [mdc_data_type], [mdc_nullable], [mdc_width], [mdc_width_max], [mdc_readonly], [mdc_readonlyedit], [mdc_not_editable], [mdc_hidden], [mdc_required], [mdc_has_lookup], [mdc_autopostback], [mdc_input_mask], [mdc_control_class], [mdc_value_from], [mdc_value_column], [mdc_value_text_column], [mdc_value_where], [mdc_value_where_add], [mdc_value_orderby], [mdc_default_value], [mdc_validation_class], [mdc_list_header], [mdc_report_header1], [mdc_report_header2], [mdc_query_select_flag], [mdc_sort_order], [mdc_change_log_flag], [mdc_disable_autocomplete_flag], [mdc_enable_subform_lookup_flag], [mdc_available_in_social_flag], [mdc_add_user], [mdc_add_date], [mdc_change_user], [mdc_change_date], [mdc_delete_flag], [mdc_entity_key]) VALUES('632b3c94-778b-4690-b0ab-18256ce8b882', N'i12_add_date', N'client_stti_email_trigger_type', N'client_stti_email_trigger_type', 0, N'Add Date', N'av_date', 0, 24, 24, 0, 0, 0, 0, 1, 0, 0, N'99/99/9999', N'DateTextBox', null, null, null, null, null, null, null, null, null, null, null, 0, 300, 0, 0, 0, 0, N'STTISThompson', '2013-08-26T16:46:48.220', null, null, 0, null)
INSERT INTO [dbo].[md_column] ([mdc_key], [mdc_name], [mdc_mdt_name], [mdc_table_name], [mdc_ext], [mdc_description], [mdc_data_type], [mdc_nullable], [mdc_width], [mdc_width_max], [mdc_readonly], [mdc_readonlyedit], [mdc_not_editable], [mdc_hidden], [mdc_required], [mdc_has_lookup], [mdc_autopostback], [mdc_input_mask], [mdc_control_class], [mdc_value_from], [mdc_value_column], [mdc_value_text_column], [mdc_value_where], [mdc_value_where_add], [mdc_value_orderby], [mdc_default_value], [mdc_validation_class], [mdc_list_header], [mdc_report_header1], [mdc_report_header2], [mdc_query_select_flag], [mdc_sort_order], [mdc_change_log_flag], [mdc_disable_autocomplete_flag], [mdc_enable_subform_lookup_flag], [mdc_available_in_social_flag], [mdc_add_user], [mdc_add_date], [mdc_change_user], [mdc_change_date], [mdc_delete_flag], [mdc_entity_key]) VALUES('bea5ea3b-fdbe-40ee-9442-dd9ac5abe51f', N'i12_add_user', N'client_stti_email_trigger_type', N'client_stti_email_trigger_type', 0, N'Add User', N'av_user', 0, 64, 64, 0, 0, 0, 0, 1, 0, 0, null, null, null, null, null, null, null, null, null, null, null, null, null, 0, 200, 0, 0, 0, 0, N'STTISThompson', '2013-08-26T16:46:48.220', null, null, 0, null)
INSERT INTO [dbo].[md_column] ([mdc_key], [mdc_name], [mdc_mdt_name], [mdc_table_name], [mdc_ext], [mdc_description], [mdc_data_type], [mdc_nullable], [mdc_width], [mdc_width_max], [mdc_readonly], [mdc_readonlyedit], [mdc_not_editable], [mdc_hidden], [mdc_required], [mdc_has_lookup], [mdc_autopostback], [mdc_input_mask], [mdc_control_class], [mdc_value_from], [mdc_value_column], [mdc_value_text_column], [mdc_value_where], [mdc_value_where_add], [mdc_value_orderby], [mdc_default_value], [mdc_validation_class], [mdc_list_header], [mdc_report_header1], [mdc_report_header2], [mdc_query_select_flag], [mdc_sort_order], [mdc_change_log_flag], [mdc_disable_autocomplete_flag], [mdc_enable_subform_lookup_flag], [mdc_available_in_social_flag], [mdc_add_user], [mdc_add_date], [mdc_change_user], [mdc_change_date], [mdc_delete_flag], [mdc_entity_key]) VALUES('d4566d91-3784-44d5-9964-7d1606a85aad', N'i12_change_date', N'client_stti_email_trigger_type', N'client_stti_email_trigger_type', 0, N'Change Date', N'av_date', 1, 24, 24, 0, 0, 0, 0, 0, 0, 0, N'99/99/9999', N'DateTextBox', null, null, null, null, null, null, null, null, null, null, null, 0, 500, 0, 0, 0, 0, N'STTISThompson', '2013-08-26T16:46:48.220', null, null, 0, null)
INSERT INTO [dbo].[md_column] ([mdc_key], [mdc_name], [mdc_mdt_name], [mdc_table_name], [mdc_ext], [mdc_description], [mdc_data_type], [mdc_nullable], [mdc_width], [mdc_width_max], [mdc_readonly], [mdc_readonlyedit], [mdc_not_editable], [mdc_hidden], [mdc_required], [mdc_has_lookup], [mdc_autopostback], [mdc_input_mask], [mdc_control_class], [mdc_value_from], [mdc_value_column], [mdc_value_text_column], [mdc_value_where], [mdc_value_where_add], [mdc_value_orderby], [mdc_default_value], [mdc_validation_class], [mdc_list_header], [mdc_report_header1], [mdc_report_header2], [mdc_query_select_flag], [mdc_sort_order], [mdc_change_log_flag], [mdc_disable_autocomplete_flag], [mdc_enable_subform_lookup_flag], [mdc_available_in_social_flag], [mdc_add_user], [mdc_add_date], [mdc_change_user], [mdc_change_date], [mdc_delete_flag], [mdc_entity_key]) VALUES('e5961148-8e90-49dd-96be-8b5c1adc9b35', N'i12_change_user', N'client_stti_email_trigger_type', N'client_stti_email_trigger_type', 0, N'Change User', N'av_user', 1, 64, 64, 0, 0, 0, 0, 0, 0, 0, null, null, null, null, null, null, null, null, null, null, null, null, null, 0, 400, 0, 0, 0, 0, N'STTISThompson', '2013-08-26T16:46:48.220', null, null, 0, null)
INSERT INTO [dbo].[md_column] ([mdc_key], [mdc_name], [mdc_mdt_name], [mdc_table_name], [mdc_ext], [mdc_description], [mdc_data_type], [mdc_nullable], [mdc_width], [mdc_width_max], [mdc_readonly], [mdc_readonlyedit], [mdc_not_editable], [mdc_hidden], [mdc_required], [mdc_has_lookup], [mdc_autopostback], [mdc_input_mask], [mdc_control_class], [mdc_value_from], [mdc_value_column], [mdc_value_text_column], [mdc_value_where], [mdc_value_where_add], [mdc_value_orderby], [mdc_default_value], [mdc_validation_class], [mdc_list_header], [mdc_report_header1], [mdc_report_header2], [mdc_query_select_flag], [mdc_sort_order], [mdc_change_log_flag], [mdc_disable_autocomplete_flag], [mdc_enable_subform_lookup_flag], [mdc_available_in_social_flag], [mdc_add_user], [mdc_add_date], [mdc_change_user], [mdc_change_date], [mdc_delete_flag], [mdc_entity_key]) VALUES('62399793-9a82-466b-9b54-c975e1609d15', N'i12_code', N'client_stti_email_trigger_type', N'client_stti_email_trigger_type', 0, N'Trigger Type Code', N'nvarchar', 1, 100, 100, 0, 0, 0, 0, 0, 0, 0, null, null, null, null, null, null, null, null, null, null, null, null, null, 0, 800, 0, 0, 0, 0, N'STTISThompson', '2013-08-26T16:46:48.220', null, null, 0, null)
INSERT INTO [dbo].[md_column] ([mdc_key], [mdc_name], [mdc_mdt_name], [mdc_table_name], [mdc_ext], [mdc_description], [mdc_data_type], [mdc_nullable], [mdc_width], [mdc_width_max], [mdc_readonly], [mdc_readonlyedit], [mdc_not_editable], [mdc_hidden], [mdc_required], [mdc_has_lookup], [mdc_autopostback], [mdc_input_mask], [mdc_control_class], [mdc_value_from], [mdc_value_column], [mdc_value_text_column], [mdc_value_where], [mdc_value_where_add], [mdc_value_orderby], [mdc_default_value], [mdc_validation_class], [mdc_list_header], [mdc_report_header1], [mdc_report_header2], [mdc_query_select_flag], [mdc_sort_order], [mdc_change_log_flag], [mdc_disable_autocomplete_flag], [mdc_enable_subform_lookup_flag], [mdc_available_in_social_flag], [mdc_add_user], [mdc_add_date], [mdc_change_user], [mdc_change_date], [mdc_delete_flag], [mdc_entity_key]) VALUES('7d9ec504-8420-4532-b647-6ab56fe362fa', N'i12_delete_flag', N'client_stti_email_trigger_type', N'client_stti_email_trigger_type', 0, N'Delete Flag', N'av_delete_flag', 0, 1, 1, 0, 0, 0, 0, 1, 0, 0, null, null, null, null, null, null, null, null, null, null, null, null, null, 0, 600, 0, 0, 0, 0, N'STTISThompson', '2013-08-26T16:46:48.220', null, null, 0, null)
INSERT INTO [dbo].[md_column] ([mdc_key], [mdc_name], [mdc_mdt_name], [mdc_table_name], [mdc_ext], [mdc_description], [mdc_data_type], [mdc_nullable], [mdc_width], [mdc_width_max], [mdc_readonly], [mdc_readonlyedit], [mdc_not_editable], [mdc_hidden], [mdc_required], [mdc_has_lookup], [mdc_autopostback], [mdc_input_mask], [mdc_control_class], [mdc_value_from], [mdc_value_column], [mdc_value_text_column], [mdc_value_where], [mdc_value_where_add], [mdc_value_orderby], [mdc_default_value], [mdc_validation_class], [mdc_list_header], [mdc_report_header1], [mdc_report_header2], [mdc_query_select_flag], [mdc_sort_order], [mdc_change_log_flag], [mdc_disable_autocomplete_flag], [mdc_enable_subform_lookup_flag], [mdc_available_in_social_flag], [mdc_add_user], [mdc_add_date], [mdc_change_user], [mdc_change_date], [mdc_delete_flag], [mdc_entity_key]) VALUES('2bc57299-18fc-4f51-ab83-3b5e4493f511', N'i12_description', N'client_stti_email_trigger_type', N'client_stti_email_trigger_type', 0, N'Description', N'nvarchar', 1, 250, 250, 0, 0, 0, 0, 0, 0, 0, null, null, null, null, null, null, null, null, null, null, null, null, null, 0, 900, 0, 0, 0, 0, N'STTISThompson', '2013-08-26T16:46:48.220', null, null, 0, null)
INSERT INTO [dbo].[md_column] ([mdc_key], [mdc_name], [mdc_mdt_name], [mdc_table_name], [mdc_ext], [mdc_description], [mdc_data_type], [mdc_nullable], [mdc_width], [mdc_width_max], [mdc_readonly], [mdc_readonlyedit], [mdc_not_editable], [mdc_hidden], [mdc_required], [mdc_has_lookup], [mdc_autopostback], [mdc_input_mask], [mdc_control_class], [mdc_value_from], [mdc_value_column], [mdc_value_text_column], [mdc_value_where], [mdc_value_where_add], [mdc_value_orderby], [mdc_default_value], [mdc_validation_class], [mdc_list_header], [mdc_report_header1], [mdc_report_header2], [mdc_query_select_flag], [mdc_sort_order], [mdc_change_log_flag], [mdc_disable_autocomplete_flag], [mdc_enable_subform_lookup_flag], [mdc_available_in_social_flag], [mdc_add_user], [mdc_add_date], [mdc_change_user], [mdc_change_date], [mdc_delete_flag], [mdc_entity_key]) VALUES('c4c641a4-597f-4479-8489-ea0090f23ffc', N'i12_entity_key', N'client_stti_email_trigger_type', N'client_stti_email_trigger_type', 0, N'Entity Key', N'av_key', 1, 16, 16, 0, 0, 0, 0, 0, 0, 0, null, null, null, null, null, null, null, null, null, null, null, null, null, 0, 700, 0, 0, 0, 0, N'STTISThompson', '2013-08-26T16:46:48.220', null, null, 0, null)
INSERT INTO [dbo].[md_column] ([mdc_key], [mdc_name], [mdc_mdt_name], [mdc_table_name], [mdc_ext], [mdc_description], [mdc_data_type], [mdc_nullable], [mdc_width], [mdc_width_max], [mdc_readonly], [mdc_readonlyedit], [mdc_not_editable], [mdc_hidden], [mdc_required], [mdc_has_lookup], [mdc_autopostback], [mdc_input_mask], [mdc_control_class], [mdc_value_from], [mdc_value_column], [mdc_value_text_column], [mdc_value_where], [mdc_value_where_add], [mdc_value_orderby], [mdc_default_value], [mdc_validation_class], [mdc_list_header], [mdc_report_header1], [mdc_report_header2], [mdc_query_select_flag], [mdc_sort_order], [mdc_change_log_flag], [mdc_disable_autocomplete_flag], [mdc_enable_subform_lookup_flag], [mdc_available_in_social_flag], [mdc_add_user], [mdc_add_date], [mdc_change_user], [mdc_change_date], [mdc_delete_flag], [mdc_entity_key]) VALUES('9ff3381a-1aad-4ac9-b6a1-4ad1d60ae40b', N'i12_key', N'client_stti_email_trigger_type', N'client_stti_email_trigger_type', 0, N'Unique Key', N'av_key', 0, 16, 16, 0, 0, 0, 0, 1, 0, 0, null, null, null, null, null, null, null, null, null, null, null, null, null, 0, 100, 0, 0, 0, 0, N'STTISThompson', '2013-08-26T16:46:48.220', null, null, 0, null)


-- --Table: [dbo].[md_dynamic_form]
-- --Insert
INSERT INTO [dbo].[md_dynamic_form] ([dyn_key], [dyn_description], [dyn_title], [dyn_title_icon], [dyn_obj_key], [dyn_has_child_forms], [dyn_has_extensions], [dyn_has_profile], [dyn_primary_profile], [dyn_designed], [dyn_nodelete], [dyn_nohide], [dyn_nosave], [dyn_norecordinfo], [dyn_display_only], [dyn_dispo_control], [dyn_dispo_operator], [dyn_dispo_value], [dyn_static_edit_form], [dyn_static_profile_form], [dyn_key_base], [dyn_cgr_key], [dyn_enable_atlas_flag], [dyn_sub_form_flag], [dyn_add_user], [dyn_add_date], [dyn_change_user], [dyn_change_date], [dyn_delete_flag], [dyn_entity_key]) VALUES('05f0eb09-952c-4e2a-abec-de53c2fb16d8', N'STTI Email Trigger Type', null, null, '33b34421-7768-4682-b014-6a0ac79a44d1', 0, 0, 0, 0, 0, 0, 0, 0, 0, 0, null, null, null, null, null, null, null, 1, 0, N'SThompson_STTI', '2013-08-26T16:50:38.000', null, null, 0, null)


-- --Table: [dbo].[md_dynamic_form_child]
-- --Table: [dbo].[md_dynamic_form_control]
-- --Table: [dbo].[md_dynamic_form_substitute]
-- --Table: [dbo].[md_dynamic_profile_detail]
-- --Table: [dbo].[md_dynamic_search]
-- --Insert
INSERT INTO [dbo].[md_dynamic_search] ([sch_key], [sch_dyn_key], [sch_mdt_name], [sch_lsf_from_alias], [sch_mdc_key], [sch_control_class], [sch_order], [sch_default_operator], [sch_value_from], [sch_value_column], [sch_value_text_column], [sch_value_where], [sch_value_orderby], [sch_autopostback], [sch_default_value], [sch_description], [sch_add_user], [sch_add_date], [sch_change_user], [sch_change_date], [sch_delete_flag], [sch_entity_key], [sch_sql_visible]) VALUES('49ddaa9f-689c-4ed8-bbc1-7b72ec7f7cb9', '05f0eb09-952c-4e2a-abec-de53c2fb16d8', N'client_stti_email_trigger_type', null, 'bea5ea3b-fdbe-40ee-9442-dd9ac5abe51f', N'TextBox', 200, null, null, null, null, null, null, 0, null, null, N'SThompson_STTI', '2013-08-26T16:50:38.000', null, null, 0, null, null)
INSERT INTO [dbo].[md_dynamic_search] ([sch_key], [sch_dyn_key], [sch_mdt_name], [sch_lsf_from_alias], [sch_mdc_key], [sch_control_class], [sch_order], [sch_default_operator], [sch_value_from], [sch_value_column], [sch_value_text_column], [sch_value_where], [sch_value_orderby], [sch_autopostback], [sch_default_value], [sch_description], [sch_add_user], [sch_add_date], [sch_change_user], [sch_change_date], [sch_delete_flag], [sch_entity_key], [sch_sql_visible]) VALUES('766560c9-1f85-47d9-932d-8818fa74dc3c', '05f0eb09-952c-4e2a-abec-de53c2fb16d8', N'client_stti_email_trigger_type', null, '62399793-9a82-466b-9b54-c975e1609d15', N'TextBox', 800, null, null, null, null, null, null, 0, null, null, N'SThompson_STTI', '2013-08-26T16:50:38.000', null, null, 0, null, null)
INSERT INTO [dbo].[md_dynamic_search] ([sch_key], [sch_dyn_key], [sch_mdt_name], [sch_lsf_from_alias], [sch_mdc_key], [sch_control_class], [sch_order], [sch_default_operator], [sch_value_from], [sch_value_column], [sch_value_text_column], [sch_value_where], [sch_value_orderby], [sch_autopostback], [sch_default_value], [sch_description], [sch_add_user], [sch_add_date], [sch_change_user], [sch_change_date], [sch_delete_flag], [sch_entity_key], [sch_sql_visible]) VALUES('97eb5a7d-173d-4f56-8780-c00c5094252c', '05f0eb09-952c-4e2a-abec-de53c2fb16d8', N'client_stti_email_trigger_type', null, '2bc57299-18fc-4f51-ab83-3b5e4493f511', N'TextBox', 900, null, null, null, null, null, null, 0, null, null, N'SThompson_STTI', '2013-08-26T16:50:38.000', null, null, 0, null, null)


-- --Table: [dbo].[md_form_link]
-- --Table: [dbo].[md_lookup]
-- --Table: [dbo].[md_lookup_xref]
-- --Table: [dbo].[md_metadata_lock]
-- --Insert
INSERT INTO [dbo].[md_metadata_lock] ([lok_key], [lok_mdt_name], [lok_row_key], [lok_add_user], [lok_add_date], [lok_change_user], [lok_change_date], [lok_delete_flag], [lok_entity_key]) VALUES('041ff412-00ac-412b-945c-3c04c6f236ff', N'md_object', '33b34421-7768-4682-b014-6a0ac79a44d1', N'SThompson_STTI', '2013-08-26T16:50:40.173', null, null, 0, null)
INSERT INTO [dbo].[md_metadata_lock] ([lok_key], [lok_mdt_name], [lok_row_key], [lok_add_user], [lok_add_date], [lok_change_user], [lok_change_date], [lok_delete_flag], [lok_entity_key]) VALUES('70fedde8-1344-478c-8bae-f49eab798df0', N'md_table', '16af8f39-7d86-496d-a768-bbaad9f5f6da', N'SThompson_STTI', '2013-08-26T16:44:28.573', null, null, 0, null)


-- --Table: [dbo].[md_object]
-- --Insert
INSERT INTO [dbo].[md_object] ([obj_key], [obj_description], [obj_name], [obj_prefix], [obj_defaultorderby], [obj_defaultcolumns], [obj_assembly], [obj_typename], [obj_has_related], [obj_has_extensions], [obj_workflow_flag], [obj_dup_check_dyc_key], [obj_dup_allow_save], [obj_correspondence_flag], [obj_cgr_key], [obj_mass_replace_flag], [obj_social_group_flag], [obj_social_participant_flag], [obj_allows_import], [obj_add_user], [obj_add_date], [obj_change_user], [obj_change_date], [obj_delete_flag], [obj_entity_key]) VALUES('33b34421-7768-4682-b014-6a0ac79a44d1', N'STTI Email Trigger Type', N'STTIEmailTriggerType', N'i12', N'isnull(i12_change_date,i12_add_date) desc', N'i12_description,i12_code,i12_add_user', N'Data', N'Avectra.netForum.Data.DynamicFacade', 0, 0, 1, null, 0, 0, null, 0, 0, 0, null, N'SThompson_STTI', '2013-08-26T16:50:38.000', null, null, 0, null)


-- --Table: [dbo].[md_object_data]
-- --Insert
INSERT INTO [dbo].[md_object_data] ([obd_key], [obd_obj_key], [obd_description], [obd_data_object_prefix], [obd_table_name], [obd_table_name_ext], [obd_table_prefix], [obd_table_prefix_ext], [obd_key_field], [obd_key_field_ext], [obd_parent_key], [obd_order], [obd_save_order], [obd_do_not_save], [obd_one_to_many], [obd_do_not_select], [obd_delete_flag_field], [obd_add_user], [obd_add_date], [obd_change_user], [obd_change_date], [obd_delete_flag], [obd_entity_key]) VALUES('ab3226cf-15fe-4ae7-9a03-322ad9fd9f6c', '33b34421-7768-4682-b014-6a0ac79a44d1', N'STTI Email Trigger Type', N'i12', N'client_stti_email_trigger_type', null, N'i12', null, N'i12_key', null, null, 0, 0, 0, 0, 0, N'i12_delete_flag', N'SThompson_STTI', '2013-08-26T16:50:38.000', null, null, 0, null)


-- --Table: [dbo].[md_object_related]
-- --Table: [dbo].[md_object_related_control]
-- --Table: [dbo].[md_query]
-- --Table: [dbo].[md_query_detail]
-- --Table: [dbo].[md_query_sub]
-- --Table: [dbo].[md_query_sub_detail]
-- --Table: [dbo].[md_report]
-- --Table: [dbo].[md_report_parameter]
-- --Table: [dbo].[md_table]
-- --Insert
INSERT INTO [dbo].[md_table] ([mdt_key], [mdt_name], [mdt_description], [mdt_prefix], [mdt_key_column], [mdt_email_column], [mdt_fax_column], [mdt_pref_comm_meth_column], [mdt_ignore_entity], [mdt_cst_key_xref_column], [mdt_add_user], [mdt_add_date], [mdt_change_user], [mdt_change_date], [mdt_delete_flag], [mdt_entity_key], [mdt_logsql_flag], [mdt_address_column], [mdt_phone_column]) VALUES('16af8f39-7d86-496d-a768-bbaad9f5f6da', N'client_stti_email_trigger_type', N'STTI Email Trigger Type', N'i12', N'i12_key', null, null, null, 0, null, N'SThompson_STTI', '2013-08-26T16:44:28.000', N'SThompson_STTI', '2013-08-26T16:48:52.000', 0, null, null, null, null)


-- --Table: [dbo].[md_table_list_column]
-- --Insert
INSERT INTO [dbo].[md_table_list_column] ([lsc_key], [lsc_lsf_key], [lsc_mdc_name], [lsc_name_alias], [lsc_order], [lsc_add_user], [lsc_add_date], [lsc_change_user], [lsc_change_date], [lsc_delete_flag], [lsc_entity_key]) VALUES('b0ca1cd3-41d6-4e8e-aeff-155facadaf4c', '772ecf61-47e5-4710-9f51-51313d0bb20b', N'i12_description', null, 900, N'SThompson_STTI', '2013-08-26T16:50:38.000', null, null, 0, null)
INSERT INTO [dbo].[md_table_list_column] ([lsc_key], [lsc_lsf_key], [lsc_mdc_name], [lsc_name_alias], [lsc_order], [lsc_add_user], [lsc_add_date], [lsc_change_user], [lsc_change_date], [lsc_delete_flag], [lsc_entity_key]) VALUES('93b38874-479a-47cb-b04e-988a0b1eec5b', '772ecf61-47e5-4710-9f51-51313d0bb20b', N'i12_add_user', null, 200, N'SThompson_STTI', '2013-08-26T16:50:38.000', null, null, 0, null)
INSERT INTO [dbo].[md_table_list_column] ([lsc_key], [lsc_lsf_key], [lsc_mdc_name], [lsc_name_alias], [lsc_order], [lsc_add_user], [lsc_add_date], [lsc_change_user], [lsc_change_date], [lsc_delete_flag], [lsc_entity_key]) VALUES('569533d3-012f-49c4-b34c-b81b6fd34e01', '772ecf61-47e5-4710-9f51-51313d0bb20b', N'i12_code', null, 800, N'SThompson_STTI', '2013-08-26T16:50:38.000', null, null, 0, null)


-- --Table: [dbo].[md_table_list_from]
-- --Insert
INSERT INTO [dbo].[md_table_list_from] ([lsf_key], [lsf_lst_key], [lsf_from_table], [lsf_from_alias], [lsf_from_order], [lsf_from_join_type], [lsf_from_join], [lsf_add_user], [lsf_add_date], [lsf_change_user], [lsf_change_date], [lsf_delete_flag], [lsf_entity_key]) VALUES('772ecf61-47e5-4710-9f51-51313d0bb20b', '1492baec-2cd9-47a8-9a1c-279bb59ee412', N'client_stti_email_trigger_type', null, 0, null, null, N'SThompson_STTI', '2013-08-26T16:50:38.000', null, null, 0, null)


-- --Table: [dbo].[md_table_list_table]
-- --Insert
INSERT INTO [dbo].[md_table_list_table] ([lst_key], [lst_mdt_name], [lst_select_distinct], [lst_add_user], [lst_add_date], [lst_change_user], [lst_change_date], [lst_delete_flag], [lst_entity_key]) VALUES('1492baec-2cd9-47a8-9a1c-279bb59ee412', N'client_stti_email_trigger_type', 0, N'SThompson_STTI', '2013-08-26T16:50:38.000', null, null, 0, null)


-- --Table: [dbo].[md_workflow_rule]
-- --Table: [dbo].[md_workflow_task]
-- -Creating foreign key: [dbo].[cm_group_item].[FK_cm_group_item_cm_group]
ALTER TABLE [dbo].[cm_group_item] ADD 
	CONSTRAINT [FK_cm_group_item_cm_group] FOREIGN KEY 
	(
		[cgi_cgr_key]
	)REFERENCES [dbo].[cm_group](
		[cgr_key]
	)ON UPDATE NO ACTION ON DELETE CASCADE 

-- -Creating foreign key: [dbo].[cm_group_item_link].[FK_cm_group_item_link_cm_group_item]
ALTER TABLE [dbo].[cm_group_item_link] ADD 
	CONSTRAINT [FK_cm_group_item_link_cm_group_item] FOREIGN KEY 
	(
		[cgl_cgi_key]
	)REFERENCES [dbo].[cm_group_item](
		[cgi_key]
	)ON UPDATE NO ACTION ON DELETE CASCADE 

-- -Creating foreign key: [dbo].[cm_group_item_link].[FK_cm_group_item_link_cm_group_item1]
ALTER TABLE [dbo].[cm_group_item_link] ADD 
	CONSTRAINT [FK_cm_group_item_link_cm_group_item1] FOREIGN KEY 
	(
		[cgl_cgi_key],[cgl_cgr_key]
	)REFERENCES [dbo].[cm_group_item](
		[cgi_key],[cgi_cgr_key]
	)ON UPDATE CASCADE ON DELETE NO ACTION 

-- -Creating foreign key: [dbo].[cm_group_item_link].[FK_cm_group_item_link_cm_group]
ALTER TABLE [dbo].[cm_group_item_link] ADD 
	CONSTRAINT [FK_cm_group_item_link_cm_group] FOREIGN KEY 
	(
		[cgl_cgr_key]
	)REFERENCES [dbo].[cm_group](
		[cgr_key]
	)ON UPDATE NO ACTION ON DELETE NO ACTION 

-- -Creating foreign key: [dbo].[cm_group_item_link].[FK_cm_group_item_link_md_dynamic_form]
ALTER TABLE [dbo].[cm_group_item_link] ADD 
	CONSTRAINT [FK_cm_group_item_link_md_dynamic_form] FOREIGN KEY 
	(
		[cgl_dynamic_form]
	)REFERENCES [dbo].[md_dynamic_form](
		[dyn_key]
	)ON UPDATE NO ACTION ON DELETE CASCADE 

-- -Creating foreign key: [dbo].[cm_group_item_link].[FK_cm_group_item_link_md_report]
ALTER TABLE [dbo].[cm_group_item_link] ADD 
	CONSTRAINT [FK_cm_group_item_link_md_report] FOREIGN KEY 
	(
		[cgl_rpt_key]
	)REFERENCES [dbo].[md_report](
		[rpt_key]
	)ON UPDATE NO ACTION ON DELETE NO ACTION 

-- -Creating foreign key: [dbo].[cm_group_item_link].[FK_cm_group_item_link_md_wizard]
ALTER TABLE [dbo].[cm_group_item_link] ADD 
	CONSTRAINT [FK_cm_group_item_link_md_wizard] FOREIGN KEY 
	(
		[cgl_wiz_key]
	)REFERENCES [dbo].[md_wizard](
		[wiz_key]
	)ON UPDATE NO ACTION ON DELETE NO ACTION 

-- -Creating foreign key: [dbo].[fw_group_x_link].[FK_fw_group_x_link_cm_group_item_link]
ALTER TABLE [dbo].[fw_group_x_link] ADD 
	CONSTRAINT [FK_fw_group_x_link_cm_group_item_link] FOREIGN KEY 
	(
		[fgl_cgl_key]
	)REFERENCES [dbo].[cm_group_item_link](
		[cgl_key]
	)ON UPDATE NO ACTION ON DELETE CASCADE 

-- -Creating foreign key: [dbo].[fw_user_x_link].[FK_fw_user_x_link_cm_group_item_link]
ALTER TABLE [dbo].[fw_user_x_link] ADD 
	CONSTRAINT [FK_fw_user_x_link_cm_group_item_link] FOREIGN KEY 
	(
		[uxl_cgl_key]
	)REFERENCES [dbo].[cm_group_item_link](
		[cgl_key]
	)ON UPDATE NO ACTION ON DELETE NO ACTION 

-- -Creating foreign key: [dbo].[md_page_access].[FK_md_page_access_cm_group_item_link]
ALTER TABLE [dbo].[md_page_access] ADD 
	CONSTRAINT [FK_md_page_access_cm_group_item_link] FOREIGN KEY 
	(
		[mpa_cgl_key]
	)REFERENCES [dbo].[cm_group_item_link](
		[cgl_key]
	)ON UPDATE NO ACTION ON DELETE CASCADE 

-- -Creating foreign key: [dbo].[md_dynamic_form].[FK_md_dynamic_form_cm_group]
ALTER TABLE [dbo].[md_dynamic_form] ADD 
	CONSTRAINT [FK_md_dynamic_form_cm_group] FOREIGN KEY 
	(
		[dyn_cgr_key]
	)REFERENCES [dbo].[cm_group](
		[cgr_key]
	)ON UPDATE NO ACTION ON DELETE NO ACTION 

-- -Creating foreign key: [dbo].[md_object].[FK_md_object_cm_group]
ALTER TABLE [dbo].[md_object] ADD 
	CONSTRAINT [FK_md_object_cm_group] FOREIGN KEY 
	(
		[obj_cgr_key]
	)REFERENCES [dbo].[cm_group](
		[cgr_key]
	)ON UPDATE NO ACTION ON DELETE NO ACTION 


COMMIT TRANSACTION

